-- phpMyAdmin SQL Dump
-- version 4.6.5.2
-- https://www.phpmyadmin.net/
--
-- Host: localhost
-- Generation Time: Feb 22, 2018 at 01:25 PM
-- Server version: 10.1.21-MariaDB
-- PHP Version: 7.1.1

SET SQL_MODE = "NO_AUTO_VALUE_ON_ZERO";
SET time_zone = "+00:00";


/*!40101 SET @OLD_CHARACTER_SET_CLIENT=@@CHARACTER_SET_CLIENT */;
/*!40101 SET @OLD_CHARACTER_SET_RESULTS=@@CHARACTER_SET_RESULTS */;
/*!40101 SET @OLD_COLLATION_CONNECTION=@@COLLATION_CONNECTION */;
/*!40101 SET NAMES utf8mb4 */;

--
-- Database: `ULD_tracing`
--

-- --------------------------------------------------------

--
-- Table structure for table `action_error`
--

CREATE TABLE `action_error` (
  `error_ID` int(11) NOT NULL,
  `paletAction_ID` int(11) NOT NULL,
  `palet` varchar(15) CHARACTER SET utf8 COLLATE utf8_bin NOT NULL,
  `action_type` varchar(3) CHARACTER SET utf8 COLLATE utf8_bin NOT NULL,
  `flightNo` varchar(5) CHARACTER SET utf8 COLLATE utf8_bin DEFAULT NULL,
  `palet_location` varchar(15) CHARACTER SET utf8 COLLATE utf8_bin NOT NULL,
  `error` text CHARACTER SET utf8 COLLATE utf8_bin NOT NULL,
  `solved` tinyint(1) NOT NULL DEFAULT '0'
) ENGINE=InnoDB DEFAULT CHARSET=latin1;

--
-- Dumping data for table `action_error`
--

INSERT INTO `action_error` (`error_ID`, `paletAction_ID`, `palet`, `action_type`, `flightNo`, `palet_location`, `error`, `solved`) VALUES
(499, 132, 'PGA33221FF', 'OUT', '457', '-', 'ULD not found', 1),
(500, 132, 'PMC01589ZP', 'OUT', '457', '-', 'ULD not found', 0),
(501, 132, 'PMC45729ZP', 'OUT', '457', '-', 'ULD not found', 0),
(502, 132, 'PGA77445ZP', 'OUT', '457', '-', 'ULD not found', 0),
(503, 132, 'PRA00880TF', 'OUT', '457', '-', 'ULD not found', 0),
(504, 132, 'PMC03072ZP', 'OUT', '457', '-', 'ULD not found', 0),
(505, 133, 'PMC00448ZP', 'OUT', '457', '-', 'ULD not found', 0),
(506, 134, 'PGA00000FF', 'OUT', '332', '-', 'ULD not found', 0),
(507, 136, 'PMC00172ZP', 'OUT', '332', '-', 'ULD not found', 0),
(508, 138, 'PMC99999ZP', 'OUT', '332', '-', 'ULD not found', 0),
(509, 138, 'PMC00172ZP', 'OUT', '332', '-', 'ULD not found', 0),
(510, 138, 'PMC00789XX', 'OUT', '332', '-', 'ULD not found', 0),
(511, 139, 'PGA55555PO', 'OUT', '332', '-', 'ULD not found', 0),
(512, 140, 'PGA00000FF', 'IN', '332', '-', 'ULD not found', 0),
(513, 140, 'PMC00172ZP', 'IN', '332', '-', 'ULD not found', 0),
(514, 141, 'PMC03072ZP', 'IN', '457', '-', 'ULD not found', 0),
(515, 141, 'PMC01589ZP', 'IN', '457', '-', 'ULD not found', 0),
(516, 141, 'PGA33221FF', 'IN', '457', '-', 'ULD not found', 1),
(517, 141, 'PRA00880TF', 'IN', '457', '-', 'ULD not found', 0),
(518, 141, 'PMC88562ZP', 'IN', '457', '-', 'ULD not found', 0),
(519, 141, 'PMC00448ZP', 'IN', '457', '-', 'ULD not found', 0),
(520, 141, 'PGA77445ZP', 'IN', '457', '-', 'ULD not found', 0),
(521, 141, 'PMC45729ZP', 'IN', '457', '-', 'ULD not found', 0),
(522, 143, 'PMC00172ZP', 'OUT', '332', '-', 'ULD not found', 0),
(523, 143, 'PMC00789XX', 'OUT', '332', '-', 'ULD not found', 0),
(524, 143, 'PMC99999ZP', 'OUT', '332', '-', 'ULD not found', 0),
(525, 144, 'PGA55555PO', 'OUT', '332', '-', 'ULD not found', 0),
(526, 145, 'PRA00880TF', 'OUT', '457', '-', 'ULD not found', 0),
(527, 145, 'PMC45729ZP', 'OUT', '457', '-', 'ULD not found', 0),
(528, 145, 'PMC01589ZP', 'OUT', '457', '-', 'ULD not found', 0),
(529, 145, 'PMC03072ZP', 'OUT', '457', '-', 'ULD not found', 0),
(530, 145, 'PGA77445ZP', 'OUT', '457', '-', 'ULD not found', 0),
(531, 146, 'PMC00448ZP', 'OUT', '457', '-', 'ULD not found', 0),
(532, 147, 'PMC00172ZP', 'IN', '332', '-', 'ULD not found', 0),
(533, 147, 'PGA00000FF', 'IN', '332', '-', 'ULD not found', 0),
(534, 148, 'PMC00172ZP', 'OUT', '332', '-', 'ULD not found', 0),
(535, 150, 'PGA00000FF', 'OUT', '332', '-', 'ULD not found', 0),
(536, 151, 'PMC03072ZP', 'IN', '457', '-', 'ULD not found', 0),
(537, 151, 'PGA77445ZP', 'IN', '457', '-', 'ULD not found', 0),
(538, 151, 'PMC88562ZP', 'IN', '457', '-', 'ULD not found', 0),
(539, 151, 'PMC00448ZP', 'IN', '457', '-', 'ULD not found', 0),
(540, 151, 'PMC01589ZP', 'IN', '457', '-', 'ULD not found', 0),
(541, 151, 'PRA00880TF', 'IN', '457', '-', 'ULD not found', 0),
(542, 151, 'PMC45729ZP', 'IN', '457', '-', 'ULD not found', 0),
(543, 152, 'PGA55555PO', 'IN', '332', '-', 'ULD not found', 0),
(544, 152, 'PMC00172ZP', 'IN', '332', '-', 'ULD not found', 0),
(545, 152, 'PMC00789XX', 'IN', '332', '-', 'ULD not found', 0),
(546, 152, 'PMC99999ZP', 'IN', '332', '-', 'ULD not found', 0);

-- --------------------------------------------------------

--
-- Table structure for table `airport`
--

CREATE TABLE `airport` (
  `airport_ID` int(11) NOT NULL,
  `name` varchar(50) CHARACTER SET utf8 COLLATE utf8_bin NOT NULL,
  `icao` varchar(4) CHARACTER SET utf8 COLLATE utf8_bin DEFAULT NULL,
  `iata` varchar(3) CHARACTER SET utf8 COLLATE utf8_bin DEFAULT NULL,
  `code` varchar(2) CHARACTER SET utf8 COLLATE utf8_bin NOT NULL,
  `country` varchar(50) CHARACTER SET utf8 COLLATE utf8_bin NOT NULL
) ENGINE=InnoDB DEFAULT CHARSET=utf8;

--
-- Dumping data for table `airport`
--

INSERT INTO `airport` (`airport_ID`, `name`, `icao`, `iata`, `code`, `country`) VALUES
(1, 'Baku, Heydar Aliyev International Airport', 'UBBB', 'GYD', 'AZ', 'Azerbaijan'),
(2, 'Gandja', 'UBBG', 'GNJ', 'AZ', 'Azerbaijan'),
(3, 'Luxembourg', 'ELLX', 'LUX', 'LU', 'Luxembourg'),
(4, 'Moscow, Sheremetyevo', 'UUEE', 'SVO', 'XU', 'Russian Federation (in Asia)'),
(5, 'St Petersbourg, Pulkovo', 'ULLI', 'LED', 'RU', 'Russian Federation (in Europe)'),
(6, 'Kabul', 'OAKB', 'KBL', 'AF', 'Afghanistan'),
(7, 'Kandahar', 'OAKN', 'KDH', 'AF', 'Afghanistan'),
(8, 'Vienna, Schwechat', 'LOWW', 'VIE', 'AT', 'Austria'),
(9, 'Nakjichevan', 'UBBN', 'NAJ', 'AZ', 'Azerbaijan'),
(10, 'Urum-qi', 'ZWWW', 'URC', 'CN', 'China, People\'s Rep. of'),
(11, 'Shanghai', 'ZSSS', 'SHA', 'CN', 'China, People\'s Rep. of'),
(12, 'Beijing', 'N/A ', 'BJS', 'CN', 'China, People\'s Rep. of'),
(13, 'Prague', 'LKPR', 'PRG', 'CZ', 'Czech Republic'),
(14, 'Cairo', 'HECA', 'CAI', 'EG', 'Egypt'),
(15, 'Helsinki/Vantaa', 'EFHK', 'HEL', 'FI', 'Finland'),
(16, 'Paris', 'N/A ', 'PAR', 'FR', 'France'),
(17, 'Tbilisi', 'UGGG', 'TBS', 'GE', 'Georgia'),
(18, 'Berlin', 'N/A ', 'BER', 'DE', 'Germany'),
(19, 'Frankfurt on Main', 'EDDF', 'FRA', 'DE', 'Germany'),
(20, 'Hong Kong, Hong Kong International Airport', 'VHHH', 'HKG', 'HK', 'Hong Kong (SAR)'),
(21, 'Delhi, Indira Gandhi International Airport', 'VIDP', 'DEL', 'IN', 'India'),
(22, 'Baghdad, Baghdad International Airport', 'ORBI', 'BGW', 'IQ', 'Irag'),
(23, 'Tehran, Mehrabad', 'OIII', 'THR', 'IR', 'Iran (Islamic Rep. of)'),
(24, 'Tel Aviv, Ben-Gurion International Airport', 'LLBG', 'TLV', 'IL', 'Israel'),
(25, 'Almaty', 'UAAA', 'ALA', 'KZ', 'Kazakhstan'),
(26, 'Bishkek, Manas Intrenational Airport', 'UCFM', 'FRU', 'KG', 'Kyrgyzstan'),
(27, 'Kuala Lumpur, Sepang International Airport', 'WMKK', 'KUL', 'MY', 'Malaysia'),
(28, 'Islamabad', 'OPRN', 'ISB', 'PK', 'Pakistan'),
(29, 'Karachi', 'OPKC', 'KHI', 'PK', 'Pakistan'),
(30, 'Warsaw, Frederic Chopin Airport', 'EPWA', 'WAW', 'PL', 'Poland'),
(31, 'Riyadh Air Base', 'OERY', 'XXN', 'SA', 'Saudi Arabia'),
(32, 'Jeddah', 'JEDB', 'JED', 'SA', 'Saudi Arabia'),
(33, 'Singapore, Changi International Airport', 'WSSS', 'SIN', 'SG', 'Singapore'),
(34, 'Madrid, Barajas', 'LEMD', 'MAD', 'ES', 'Spain and Canari Islands'),
(35, 'Stockholm', 'STOB', 'STO', 'SE', 'Sweden'),
(36, 'Berne', 'LSZB', 'BRN', 'CH', 'Switzerland'),
(37, 'Zurich, Kloten', 'LSZH', 'ZRH', 'CH', 'Switzerland'),
(38, 'Damascus', 'OSDI', 'DAM', 'SY', 'Syria'),
(39, 'Aleppo', 'OSAP', 'ALP', 'SY', 'Syria'),
(40, 'Dushanbe', 'UTDD', 'DYU', 'TJ', 'Tajikistan'),
(41, 'Bangkok, Bangkok International Airport', 'VTBD', 'BKK', 'TH', 'Thailand'),
(42, 'Ankara/Etimesgut', 'LTAD', 'ANK', 'TR', 'Turkey'),
(43, 'Antalya ', 'LTAI', 'AYT', 'TR', 'Turkey'),
(44, 'Istanbul, Ataturk International Airport', 'LTBA', 'IST', 'TR', 'Turkey'),
(45, 'Izmir, Adnan Menderes International Airport', 'LTBJ', 'ADB', 'TR', 'Turkey'),
(46, 'Ashgabad', 'UTAA', 'ASB', 'TN', 'Turkmenistan'),
(47, 'Kiev,Zhulyany', 'UKKK', 'IEV', 'UA', 'Ukraine'),
(48, 'Kiev, Borispol', 'UKBB', 'KBP', 'UA', 'Ukraine'),
(49, 'Abu Dhabi, Abu Dhabi International Airport', 'OMAA', 'AUH', 'AE', 'United Arab Emirates'),
(50, 'Dubai, Dubai International Airport', 'OMDB', 'DXB', 'AE', 'United Arab Emirates'),
(51, 'Sharjah, Sharjah International Airport', 'OMSJ', 'SHJ', 'AE', 'United Arab Emirates'),
(52, 'London, Heathrow', 'EGLL', 'LHR', 'GB', 'United Kingdom'),
(53, 'London, Gatwick', 'EGKK', 'LGW', 'GB', 'United Kingdom'),
(54, 'Washington, Dulles International Airport', 'KIAD', 'IAD', 'US', 'United States of America'),
(55, 'Los Angeles International Airport', 'KLAX', 'LAX', 'US', 'United States of America'),
(56, 'New York, John F Kennedy International', 'KJFK', 'JFK', 'US', 'United States of America'),
(57, 'Montevideo', '    ', 'MVD', 'UY', 'Uruguay'),
(58, 'Tashkent', 'UTTT', 'TAS', 'UZ', 'Uzbekistan'),
(59, 'Ekaterinburg, Koltsovo International Airport', 'USSS', 'SVX', 'RU', 'Russian Federation (in Europe)'),
(60, 'Moscow, Vnukovo', 'UUWW', 'VKO', 'XU', 'Russian Federation (in Asia)'),
(61, 'Aktau', 'UATE', 'SCO', 'KZ', 'Kazakhstan'),
(62, 'Atyrau', 'UATG', 'GUW', 'KZ', 'Kazakhstan'),
(63, 'Chennai, Madras International Airport', '    ', 'MAA', 'IN', 'India'),
(64, 'Budapest', 'LHBP', 'BUD', 'HU', 'Hungary'),
(65, 'Shanghai, Pu Dong', 'ZSPD', 'PVG', 'CN', 'China, People\'s Rep. of'),
(66, 'Paris, Charles de Gaulle International Airport', 'LFPG', 'CDG', 'FR', 'France'),
(67, 'Houston, George Bush International Airport', 'KIAH', 'IAH', 'US', 'United States of America'),
(68, 'Amsterdam, Schiphol', 'EHAM', 'AMS', 'NL', 'Netherlands'),
(69, 'Athens, Eleftherios Venizelos International Airpor', 'LGAV', 'ATH', 'GR', 'Greece'),
(70, 'Brussels/Ntional', 'EBBR', 'BRU', 'BE', 'Belgium'),
(71, 'Nuremberg', 'EDDN', 'NUE', 'DE', 'Germany'),
(72, 'Cologne, Konrad Adenauer International Airport', 'EDDK', 'CGN', 'DE', 'Germany'),
(73, 'Brindisi', 'LIBR', 'BDS', 'IT', 'Italy'),
(74, 'Eindoven', 'EHEH', 'EIN', 'NL', 'Netherlands'),
(75, 'Mazar-I-Sharif', 'OAMS', 'MZR', 'AF', 'Afghanistan'),
(76, 'Herat', 'OAHR', 'HEA', 'AF', 'Afghanistan'),
(77, 'Keflavik', '    ', 'KEF', 'IS', 'Iceland'),
(78, 'Colombo, Bandaranayake Intlernaional Airport', 'VCBI', 'CMB', 'LK', 'Sri Lanka'),
(79, 'Hamburg', 'EDDH', 'HAM', 'DE', 'Germany'),
(80, 'Chicago, O\'Hare international Airport', 'KORD', 'ORD', 'US', 'United States of America'),
(81, 'Hannover', 'EDDV', 'HAJ', 'DE', 'Germany'),
(82, 'Dusseldorf, Dusseldorf International Airport', 'EDDL', 'DUS', 'DE', 'Germany'),
(83, 'Billund', 'EKBI', 'BLL', 'DK', 'Denmark'),
(84, 'Barcelona', 'LEBL', 'BCN', 'ES', 'Spain and Canari Islands'),
(85, 'Millan', 'N/A ', 'MIL', 'IT', 'Italy'),
(86, 'Aberdeen', 'EGPD', 'ABZ', 'GB', 'United Kingdom'),
(87, 'Dallas, Fort Worth International Airport', 'KDFW', 'DFW', 'US', 'United States of America'),
(88, 'Seattle', 'KSEA', 'SEA', 'US', 'United States of America'),
(89, 'Florence, Peretola', 'LIRQ', 'FLR', 'IT', 'Italy'),
(90, 'Glasgow, Glasgow International Airport', 'EGPF', 'GLA', 'GB', 'United Kingdom'),
(91, 'Copenhagen', 'EKCH', 'CPH', 'DK', 'Denmark'),
(92, 'Marseille', 'LFML', 'MRS', 'FR', 'France'),
(93, 'Barranquilla', 'N/A ', 'BAQ', 'CO', 'Colombia'),
(94, 'Manchester', 'EGCC', 'MAN', 'GB', 'United Kingdom'),
(95, 'Quito', '    ', 'UIO', 'EQ', 'Ecuador'),
(96, 'Seoul, Incheon International Airport', 'RKSI', 'ICN', 'KR', 'Korea, Rep. of'),
(97, 'La Unbe', '    ', 'LAT', 'CO', 'Colombia'),
(98, 'Algiers, Houari Boumedienne Airport ', 'DAAG', 'ALG', 'DZ', 'Algeria'),
(99, 'Annaba, Rabah Bitat Airport ', 'DABB', 'AAE', 'DZ', 'Algeria'),
(100, 'Constantine', 'DABC', 'CZL', 'DZ', 'Algeria'),
(101, 'Luanda, 4 de Fevereiro Airport', 'FNLU', 'LAD', 'AO', 'Angola'),
(102, 'Antigua, VC Bird International Airport', 'TAPA', 'ANU', 'AG', 'Antigua and Barbuda'),
(103, 'Buenos Aires, Don Torcuato International Airport', 'SADD', 'DOT', 'AR', 'Argentina'),
(104, 'Buenos Aires, Aeroparque Jorge Newbery (AEP/SABE)', 'SABE', 'AEP', 'AR', 'Argentina'),
(105, 'Buenos Aires, Aeropuerto Ministro Pistarini Int\'l', 'SABA', 'EZE', 'AR', 'Argentina'),
(106, 'Catamarca', 'SANC', 'CTC', 'AR', 'Argentina'),
(107, 'Cordoba - Ambrosio L V Taravella Airport', 'SACO', 'COR', 'AR', 'Argentina'),
(108, 'Esquel', 'SAVE', 'EQS', 'AR', 'Argentina'),
(109, 'Formosa', 'SARF', 'FMA', 'AR', 'Argentina'),
(110, 'General Pico Airport', 'SAGZ', 'GPO', 'AR', 'Argentina'),
(111, 'Iguazu, Iguazu International Airport ', 'SARI', 'IGR', 'AR', 'Argentina'),
(112, 'La Rioja', 'SANL', 'IRJ', 'AR', 'Argentina'),
(113, 'Rome, Leonardo da Vinci Fiumicino Airport', 'LIRF', 'FCO', 'IT', 'Italy'),
(114, 'Basel, Euroairport Basel Mulhouse Freiburg Airport', 'LFSB', 'BSL', 'CH', 'Switzerland'),
(115, 'Moscow', 'N/A ', 'MOW', 'XU', 'Russian Federation (in Asia)'),
(116, 'Stuttgart Airport', 'EDDS', 'STR', 'DE', 'Germany'),
(117, 'Moscow, Domodedovo', 'UUDD', 'DME', 'XU', 'Russian Federation (in Asia)'),
(118, 'Mulhouse, Euroairport Basel Mulhouse Freiburg Airp', '    ', 'MLH', 'FR', 'France'),
(119, 'Malmo', 'N/A ', 'MMA', 'SE', 'Sweden'),
(120, 'Turin', 'LIMF', 'TRN', 'IT', 'Italy'),
(121, 'Munich', 'EDDM', 'MUC', 'DE', 'Germany'),
(122, 'Rouen, Boos', 'LFOP', 'URO', 'FR', 'France'),
(123, 'Lugano', 'LSZA', 'LUG', 'CH', 'Switzerland'),
(124, 'Oslo, Gardermoen', 'ENGM', 'OSL', 'NO', 'Norway'),
(125, 'Goteborg Landvetter', 'ESGG', 'GOT', 'SE', 'Sweden'),
(126, 'Odessa', 'UKOO', 'ODS', 'UA', 'Ukraine'),
(127, 'Basrah, Basrah International Airport', 'ORMM', 'BSR', 'IQ', 'Irag'),
(128, 'Lyon, St-Exupery International Airport', 'LFLL', 'LYS', 'FR', 'France'),
(129, 'Glasgow, Prestwick Airport', 'EGPK', 'PIK', 'GB', 'United Kingdom'),
(130, 'Calgary, Calgary International Airport', 'CYYC', 'YYC', 'CA', 'Canada'),
(131, 'Ankara, Esenboga', 'LTAC', 'ESB', 'TR', 'Turkey'),
(132, 'Berlin, Tegel', 'EDDT', 'TXL', 'DE', 'Germany'),
(133, 'Milan, Malpensa', 'LIMC', 'MXP', 'IT', 'Italy'),
(134, 'Portland', 'KPDX', 'PDX', 'US', 'United States of America'),
(135, 'Venezia', 'LIPZ', 'VCE', 'IT', 'Italy'),
(136, 'Baku', 'N/A ', 'BAK', 'AZ', 'Azerbaijan'),
(137, 'Bremen', 'EDDW', 'BRE', 'DE', 'Germany'),
(138, 'Aktiubinsk', 'UATT', 'AKX', 'KZ', 'Kazakhstan'),
(139, 'Geneva', 'LSGG', 'GVA', 'CH', 'Switzerland'),
(140, 'Rome, Metropolitan', 'N/A ', 'ROM', 'IT', 'Italy'),
(141, 'Dortmund', 'DTMB', 'DTM', 'DE', 'Germany'),
(142, 'Rotterdam', 'EHRD', 'RTM', 'NL', 'Netherlands'),
(143, 'Bogota', '    ', 'BOG', 'CO', 'Colombia'),
(144, 'Malabo, Santa Isabel', 'N/A ', 'SSG', 'GQ', 'Equatorial Guinea'),
(145, 'Vancouver', 'N/A ', 'YVR', 'CA', 'Canada'),
(146, 'Munster', 'EDDG', 'FMO', 'DE', 'Germany'),
(147, 'Albury', 'YMAY', 'ABX', 'AU', 'Australia'),
(148, 'Verona', 'LIPX', 'VRN', 'IT', 'Italy'),
(149, 'London', '    ', 'LON', 'GB', 'United Kingdom'),
(150, 'Frankfurt-Hahn', 'EDFH', 'HHN', 'DE', 'Germany'),
(151, 'Tabriz', 'OITT', 'TBZ', 'IR', 'Iran (Islamic Rep. of)'),
(152, 'Mineralnye Vody', 'URMM', 'MRV', 'RU', 'Russian Federation (in Europe)'),
(153, 'Nagoya', 'RJNN', 'NGO', 'JP', 'Japan'),
(154, 'Strasbourg', 'LFST', 'SXB', 'FR', 'France'),
(155, 'Newcastle', 'EGNT', 'NCL', 'GB', 'United Kingdom'),
(156, 'Ljubljana', 'LJLJ', 'LJU', 'SI', 'Slovenia'),
(157, 'Valencia', 'LEVC', 'VLC', 'ES', 'Spain and Canari Islands'),
(158, 'Bologna', 'LIPE', 'BLQ', 'IT', 'Italy'),
(159, 'Khartoum', 'HSSS', 'KRT', 'SD', 'Sudan'),
(160, 'Agra', 'VIAG', 'AGR', 'IN', 'India'),
(161, 'NovyUrengoy', '    ', 'NUX', 'XU', 'Russian Federation (in Asia)'),
(162, 'Prince Albert', '    ', 'YPA', 'CA', 'Canada'),
(163, 'Surgut', 'USRR', 'SGC', 'RU', 'Russian Federation (in Europe)'),
(164, 'Ufa', 'N/A ', 'UFA', 'RU', 'Russian Federation (in Europe)'),
(165, 'Fujairah, Fujairah International Airport', 'OMFJ', 'FJR', 'AE', 'United Arab Emirates'),
(166, 'Kaunas', 'EYKA', 'KUN', 'LT', 'Lithuania'),
(167, 'Novosibirsk', 'UNNT', 'OVB', 'RU', 'Russian Federation (in Europe)'),
(168, 'Samara', '    ', 'KUF', 'XU', 'Russian Federation (in Asia)'),
(169, 'Perm', 'N/A ', 'PEE', 'XU', 'Russian Federation (in Asia)'),
(170, 'Uralsk', 'UARR', 'URA', 'KZ', 'Kazakhstan'),
(171, 'Toronto, Pearson International', 'CYYZ', 'YYZ', 'CA', 'Canada'),
(172, 'Toronto, Guildwood Rail Service', '    ', 'XLQ', 'CA', 'Canada'),
(173, 'San Francisco, San Francisco International Airport', 'KSFO', 'SFO', 'US', 'United States of America'),
(174, 'New Brandenburg', 'N/A ', 'FNB', 'DE', 'Germany'),
(175, 'Kunduz', 'OAUZ', 'UND', 'AF', 'Afghanistan'),
(176, 'Adana', 'LTAF', 'ADA', 'TR', 'Turkey'),
(177, 'Ras al Khaima, Ras Al Khaimah International Airpor', 'OMRK', 'RKT', 'AE', 'United Arab Emirates'),
(178, 'Lisbon', 'LPPT', 'LIS', 'PT', 'Portugal'),
(179, 'Abakan', 'N/A ', 'ABA', 'XU', 'Russian Federation (in Asia)'),
(180, 'Iasi', 'LRIA', 'IAS', 'RO', 'Romania'),
(181, 'Tumen', 'N/A ', 'TJM', 'XU', 'Russian Federation (in Asia)'),
(182, 'Kharkov', 'UKHH', 'HRK', 'UA', 'Ukraine'),
(183, 'Isfahan', '    ', 'IFN', 'IR', 'Iran (Islamic Rep. of)'),
(184, 'Sharurah', 'OESH', 'SHW', 'AE', 'United Arab Emirates'),
(185, 'Krasnoyarsk', 'UNKL', 'KJA', 'RU', 'Russian Federation (in Europe)'),
(186, 'Omsk', '    ', 'OMS', 'RU', 'Russian Federation (in Europe)'),
(187, 'Donetsk', 'UKCC', 'DOK', 'UA', 'Ukraine'),
(188, 'Kazan', 'UWKD', 'KZN', 'XU', 'Russian Federation (in Asia)'),
(189, 'Volgograd', 'N/A ', 'VOG', 'XU', 'Russian Federation (in Asia)'),
(190, 'Irkutsk', 'UIII', 'IKT', 'RU', 'Russian Federation (in Europe)'),
(191, 'Konstanz', 'KQZB', 'KQZ', 'DE', 'Germany'),
(192, 'Taipei', 'RCTP', 'TPE', 'TW', 'Taiwan'),
(193, 'Mumbai', 'VABB', 'BOM', 'IN', 'India'),
(194, 'Miami  FL', 'KMIA', 'MIA', 'US', 'United States of America'),
(195, 'Tekadu', '    ', 'TKB', 'PG', 'Papua New Guinea'),
(196, 'Brescia', 'QBS ', 'QBS', 'IT', 'Italy'),
(197, 'Montreal, Pierre Elliot Trudeau International', 'CYUL', 'YUL', 'CA', 'Canada'),
(198, 'Utrecht, Soesterberg', 'EHCB', 'UTC', 'NL', 'Netherlands'),
(199, 'Bucharest', '    ', 'BUH', 'RO', 'Romania'),
(200, 'Voronezh', 'UUOO', 'VOZ', 'RU', 'Russian Federation (in Europe)'),
(201, 'Nizhniy Novgorod', '    ', 'GOJ', 'XU', 'Russian Federation (in Asia)'),
(202, 'Adler, Sochi Airport', 'URSS', 'AER', 'RU', 'Russian Federation (in Europe)'),
(203, 'Anapa', 'N/A ', 'AAQ', 'RU', 'Russian Federation (in Europe)'),
(204, 'Arkhangelsk', 'N/A ', 'ARH', 'RU', 'Russian Federation (in Europe)'),
(205, 'Ivanovo', 'N/A ', 'IWA', 'RU', 'Russian Federation (in Europe)'),
(206, 'Kaliningrad', 'N/A ', 'KGD', 'RU', 'Russian Federation (in Europe)'),
(207, 'Krasnodar', 'URKK', 'KRR', 'RU', 'Russian Federation (in Europe)'),
(208, 'Murmansk', 'ULMM', 'MMK', 'RU', 'Russian Federation (in Europe)'),
(209, 'Nizhnekamsk, Begishevo Airport', '    ', 'NBC', 'RU', 'Russian Federation (in Europe)'),
(210, 'Orenburg', 'N/A ', 'REN', 'RU', 'Russian Federation (in Europe)'),
(211, 'Rostov', 'URRR', 'ROV', 'RU', 'Russian Federation (in Europe)'),
(212, 'Stavropol', 'N/A ', 'STW', 'RU', 'Russian Federation (in Europe)'),
(213, 'Ulyanovsk', 'UWLW', 'ULY', 'RU', 'Russian Federation (in Europe)'),
(214, 'Anadyr', 'UHMA', 'DYR', 'XU', 'Russian Federation (in Asia)'),
(215, 'Blagoveshensk', 'N/A ', 'BQS', 'XU', 'Russian Federation (in Asia)'),
(216, 'Bratsk', 'N/A ', 'BTK', 'XU', 'Russian Federation (in Asia)'),
(217, 'Khabarovsk', 'UHHH', 'KHV', 'RU', 'Russian Federation (in Europe)'),
(218, 'Komsomolsk na Amure', '    ', 'KXK', 'RU', 'Russian Federation (in Europe)'),
(219, 'Magadan', 'UHMM', 'GDX', 'XU', 'Russian Federation (in Asia)'),
(220, 'Vladivostok', 'UHWW', 'VVO', 'XU', 'Russian Federation (in Asia)'),
(221, 'Yakutsk', 'UEEE', 'YKS', 'XU', 'Russian Federation (in Asia)'),
(222, 'Yushno-Sakhalinsk', 'N/A ', 'UUS', 'XU', 'Russian Federation (in Asia)'),
(223, 'Albuquerque', 'KABQ', 'ABQ', 'US', 'United States of America'),
(224, 'Alexandra', 'HEAX', 'ALY', 'EG', 'Egypt'),
(225, 'Bagui', 'RPUB', 'BAG', 'PH', 'Philipines'),
(226, 'San Paulo', 'SBGR', 'GRU', 'BR', 'Brazil'),
(227, 'Bratislava', 'LZIB', 'BTS', 'SK', 'Slovakia'),
(228, 'Edmonton', 'CYEG', 'YEG', 'CA', 'Canada'),
(229, 'Malmo', 'ESMS', 'MMX', 'SE', 'Sweden'),
(230, 'Alicante', 'LEAL', 'ALC', 'GS', 'South Georgia and the South Sandwich Islands'),
(231, 'Amman, Queen Alia International Airport', 'OJAI', 'AMM', 'JO', 'Jordan'),
(232, 'Anchorage', 'KANC', 'ANC', 'US', 'United States of America'),
(233, 'Antanarivo', 'FMMI', 'TNR', 'MG', 'Madagascar'),
(234, 'Asmara', 'HHAS', 'ASM', 'ER', 'Eritrea'),
(235, 'Auckland', 'NZAA', 'AKL', 'NZ', 'New Zeland'),
(236, 'Baltimore, Washington International Airport', 'KBWI', 'BWI', 'US', 'United States of America'),
(237, 'Bandar Seri Begawan, Bandar Seri Begwan Internatio', 'WBSB', 'BWN', 'BN', 'Brunei Darussalam'),
(238, 'Gostomel', 'UKKM', 'GML', 'UA', 'Ukraine'),
(239, 'Stavanger', 'ENZV', 'SVG', 'NO', 'Norway'),
(240, 'Phnompen', 'VDPP', 'PNH', 'KH', 'Cambodia'),
(241, 'Johannesburg, Johannesburg International Airport', 'FAJS', 'JNB', 'ZA', 'South Africa'),
(242, 'Istanbul, Sabiha Gokcen International Airport', 'LTFJ', 'SAW', 'TR', 'Turkey'),
(243, 'Fuzhou', 'ZSFZ', 'FOC', 'JP', 'Japan'),
(244, 'Geilenkirchen, Bredestedt Airport', 'ETNG', 'GKE', 'DE', 'Germany'),
(245, 'Zaporojie', 'UKDE', 'OZH', 'UA', 'Ukraine'),
(246, 'Tokyo(Hanede)', 'RJTT', 'HND', 'JP', 'Japan'),
(247, 'Santiago.Arturo Meri', 'SCEL', 'SCL', 'CL', 'Chile'),
(248, 'Saarbrucken', 'EDDR', 'SCN', 'DE', 'Germany'),
(249, 'Sofia', 'LBSF', 'SOF', 'BG', 'Bulgaria'),
(250, 'Durban', 'FADN', 'DUR', 'ZA', 'South Africa'),
(251, 'New Orlean', 'KMSY', 'MSY', 'US', 'United States of America'),
(252, 'Nantes', 'LFRS', 'NTE', 'FR', 'France'),
(253, 'Paris, Orly', 'LFPO', 'ORY', 'FR', 'France'),
(254, 'Beijing, Nanyuan Airport', 'N/A ', 'NAY', 'CN', 'China, People\'s Rep. of'),
(255, 'Brnotanyapt, Turany', 'LKTB', 'BRQ', 'CZ', 'Czech Republic'),
(256, 'Memphis', 'KMEM', 'MEM', 'US', 'United States of America'),
(257, 'Vitoria Foronda Intl Airport, Vitoria-Gasteiz', 'LEVT', 'VIT', 'ES', 'Spain and Canari Islands'),
(258, 'Nizhnevartovsk', 'USNN', 'NJC', 'RU', 'Russian Federation (in Europe)'),
(259, 'Riga', 'EVRA', 'RIX', 'LV', 'Latvia'),
(260, 'Linz', 'LOWL', 'LNZ', 'AT', 'Austria'),
(261, 'Para Chinar', 'N/A ', 'PAJ', 'PK', 'Pakistan'),
(262, 'Kishinev', 'LUKK', 'KIV', 'MD', 'Moldova'),
(263, 'Tianjin, Zhangguizhu', 'ZBTJ', 'TSN', 'CN', 'China, People\'s Rep. of'),
(264, 'Minsk, Minsk International Airport 2', 'UMMS', 'MSQ', 'BY', 'Belarus'),
(265, 'Tokyo, Narita', 'RJAA', 'NRT', 'JP', 'Japan'),
(266, 'Melbourn', 'YMML', 'MEL', 'AU', 'Australia'),
(267, 'Sharm El Sheih, Ophira International Airport', 'HESH', 'SSH', 'EG', 'Egypt'),
(268, 'Sana\'a', 'OYSN', 'SAH', 'YE', 'Yemen '),
(269, 'Astana', 'UACC', 'TSE', 'KZ', 'Kazakhstan'),
(270, 'Mexico City', 'MMMX', 'MEX', 'MX', 'Mexico'),
(271, 'Sydney', 'YSSY', 'SYD', 'AU', 'Australia'),
(272, 'Rimini', 'LIPR', 'RMI', 'IT', 'Italy'),
(273, 'Kurdamir', '    ', 'KUR', 'AZ', 'Azerbaijan'),
(274, 'Bilbao', 'LEBB', 'BIO', 'ES', 'Spain and Canari Islands'),
(275, 'Turkmenbashi', 'UTAK', 'KRW', 'TN', 'Turkmenistan'),
(276, 'Milan, Segrate', '    ', 'SWK', 'IT', 'Italy'),
(277, 'Dhaka, Shahjalal International Airport', 'VGZR', 'DAC', 'BD', 'Bangladesh'),
(278, 'Denver', 'KDEN', 'DEN', 'US', 'United States of America'),
(279, 'Ostrava', 'LKMT', 'OSR', 'CZ', 'Czech Republic'),
(280, 'Hohenes', 'N/A ', 'HOH', 'AT', 'Austria'),
(281, 'Thessaloniki', 'LGTS', 'SKG', 'GR', 'Greece'),
(282, 'Friedrichshafen', 'EDNY', 'FDH', 'DE', 'Germany'),
(283, 'Lahore', 'OPLA', 'LHE', 'PK', 'Pakistan'),
(284, 'Orebro, Orebro-Bofors', 'ESOE', 'ORB', 'SE', 'Sweden'),
(285, 'Kuwait', 'OKBK', 'KWI', 'KW', 'Kuwait'),
(286, 'Souda', 'LGSA', 'CHQ', 'GR', 'Greece'),
(287, 'Cortland', 'KCTX', 'CTX', 'US', 'United States of America'),
(288, 'Drezden', 'EDDC', 'DRS', 'DE', 'Germany'),
(289, 'Arlanda', 'ESSA', 'ARN', 'SE', 'Sweden'),
(290, 'Kristiansand', 'ENCN', 'KRS', 'NO', 'Norway'),
(291, 'Penang', 'WMKP', 'PEN', 'MY', 'Malaysia'),
(292, 'Rio de Janeiro, Galeao Internacional', 'N/A ', 'GIG', 'BR', 'Brazil'),
(293, 'Atlanta', 'KATL', 'ATL', 'US', 'United States of America'),
(294, 'New York', '    ', 'NYC', 'US', 'United States of America'),
(295, 'Vilnius', 'EYVI', 'VNO', 'LT', 'Lithuania'),
(296, 'Lusaka', 'N/A ', 'LUN', 'ZM', 'Zambia'),
(297, 'Ramstein', 'ETAR', 'RMS', 'DE', 'Germany'),
(298, 'ChittaGong', 'VGEG', 'CGP', 'BO', 'Bolivia'),
(299, 'Katmandu', 'VNKT', 'KTM', 'NP', 'Nepal'),
(300, 'Mannheim', '??  ', 'MHG', 'DE', 'Germany'),
(301, 'Antwerpen', 'EBAW', 'ANR', 'BE', 'Belgium'),
(302, 'Beirut', 'OLBA', 'BEY', 'LB', 'Lebanon'),
(303, 'Boston, Logan International Airport', 'KBOS', 'BOS', 'US', 'United States of America'),
(304, 'Dar El Salam', 'HTDA', 'DAR', 'TZ', 'Tanzania'),
(305, 'Dharan', 'OEDR', 'DHA', 'SA', 'Saudi Arabia'),
(306, 'Doha', 'OTDB', 'DOH', 'QA', 'Qatar'),
(307, 'Leipzig', 'EDDP', 'LEJ', 'DE', 'Germany'),
(308, 'Bergen, Flesland', 'ENBR', 'BGO', 'NO', 'Norway'),
(309, 'Gdansk', 'EPGD', 'GDN', 'PL', 'Poland'),
(310, 'Milano, Linate', 'LIML', 'LIN', 'IT', 'Italy'),
(311, 'Seoul', 'RKSS', 'SEL', 'KR', 'Korea, Rep. of'),
(312, 'Lille', 'LFQQ', 'LIL', 'FR', 'France'),
(313, 'Pristina', 'LYPR', 'PRN', 'RS', 'Serbia'),
(314, 'Khamis Mushai', 'OEKM', 'KMX', 'SA', 'Saudi Arabia'),
(315, 'Nice', 'LFMN', 'NCE', 'FR', 'France'),
(316, 'Tunis', 'DTTA', 'TUN', 'TN', 'Tunisia'),
(317, 'Oradea', 'LROD', 'OMR', 'RO', 'Romania'),
(318, 'Abidjan', 'DIAP', 'ABJ', 'CL', 'Cote D\'lvoire'),
(319, 'Birmingham', 'KJHB', 'BHX', 'VG', 'Virgin Islands (British)'),
(320, 'Bacau', 'LRBC', 'BCM', 'RO', 'Romania'),
(321, 'Karaganda', 'KGFB', 'KGF', 'KZ', 'Kazakhstan'),
(322, 'Bordeaux', 'LFBD', 'BOD', 'FR', 'France'),
(323, 'Porto', 'LPPR', 'OPO', 'PT', 'Portugal'),
(324, 'Jakarta', '    ', 'JKT', 'ID', 'Indonesia'),
(325, 'Manston', 'EGMH', 'MSE', 'GB', 'United Kingdom'),
(326, 'Malta', 'LMML', 'MLA', 'MT', 'Malta'),
(327, 'Ostend', 'EBOS', 'OST', 'BE', 'Belgium'),
(328, 'Taganrog', 'URRT', 'URR', 'XU', 'Russian Federation (in Asia)'),
(329, 'Zurich, HBF Railway Service', 'N/A ', 'ZLP', 'CH', 'Switzerland'),
(330, 'Tampere', 'EFPT', 'TMP', 'FI', 'Finland'),
(331, 'Peshawar', 'OPPS', 'PEW', 'PK', 'Pakistan'),
(332, 'Charlotte', 'KCLT', 'CLT', 'US', 'United States of America'),
(333, 'Rovno', 'UKLR', 'RWN', 'UA', 'Ukraine'),
(334, 'Zagreb', 'LDZA', 'ZAG', 'HR', 'Croatia'),
(335, 'Maimana', 'OAMN', 'MMZ', 'AF', 'Afghanistan'),
(336, 'Payam International Airport,Tehran', 'OIIP', 'PYK', 'IR', 'Iran (Islamic Rep. of)'),
(337, 'Chelabinsk', 'N/A ', 'CEK', 'RU', 'Russian Federation (in Europe)'),
(338, 'Chalons, Vatra', 'LFOK', 'XCR', 'FR', 'France'),
(339, 'Ancona', 'N/A ', 'AOI', 'IT', 'Italy'),
(340, 'Osiek', 'LDOS', 'OSI', 'HR', 'Croatia'),
(341, 'Dammam, King Fahad International Airport', 'OEDF', 'DMM', 'SA', 'Saudi Arabia'),
(342, 'Gosford', '    ', 'GOS', 'AU', 'Australia'),
(343, 'Madrid, Torrejon Air Force Base', 'LETO', 'TOJ', 'ES', 'Spain and Canari Islands'),
(344, 'Burgas', 'LBBG', 'BOJ', 'BG', 'Bulgaria'),
(345, 'Poznan', 'EPPO', 'POZ', 'PL', 'Poland'),
(346, 'Bucharest, Otopeni', 'LROP', 'OTP', 'RO', 'Romania'),
(347, 'Plovdiv', 'LBPD', 'PDV', 'BG', 'Bulgaria'),
(348, 'Trenton', 'CYTR', 'YTR', 'CA', 'Canada'),
(349, 'Chkalovsk', 'N/A ', 'CKL', 'XU', 'Russian Federation (in Asia)'),
(350, 'Curitiba', 'SBCT', 'CWB', 'BR', 'Brazil'),
(351, 'Gomel', 'UMGG', 'GME', 'BY', 'Belarus'),
(352, 'Genoa', 'LIMJ', 'GOA', 'IT', 'Italy'),
(353, 'Chinju', 'RKPS', 'HIN', 'KR', 'Korea, Rep. of'),
(354, 'Trondheim', 'ENVA', 'TRD', 'NO', 'Norway'),
(355, 'Hyderabad, Dabolim', 'VOHS', 'HYD', 'IN', 'India'),
(356, 'Helsingborg', 'N/A ', 'AGH', 'SE', 'Sweden'),
(357, 'Brussels, Charleroi Brussels South', 'EBCI', 'CRL', 'BE', 'Belgium'),
(358, 'Salzburg', 'LOWS', 'SZG', 'AT', 'Austria'),
(359, 'Shannon', 'EINN', 'SNN', 'IE', 'Ireland'),
(360, 'Tatry, Poprad', 'LZTT', 'TAT', 'SK', 'Slovakia'),
(361, 'Rzeszow, Jasionka', 'EPRZ', 'RZE', 'PL', 'Poland'),
(362, 'Wroclaw', 'EPWR', 'WRO', 'PL', 'Poland'),
(363, 'Philadelphia', 'KPHL', 'PHL', 'US', 'United States of America'),
(364, 'Yinchuan', 'ZLIC', 'INC', 'CN', 'China, People\'s Rep. of'),
(365, 'Khanty-Mansiysk', '    ', 'KHM', 'RU', 'Russian Federation (in Europe)'),
(366, 'Larnaca', 'LCLK', 'LCA', 'CY', 'Cyprus'),
(367, 'Caracas, Simon Bolivar International Airport ', 'SVMI', 'CCS', 'VE', 'Venezuela'),
(368, 'Labuan', 'WBKL', 'LBU', 'MY', 'Malaysia'),
(369, 'Brack', '    ', 'BCQ', 'LY', 'Libyan Ar. Jamahiriya'),
(370, 'La Fria', 'SVLF', 'LFR', 'VE', 'Venezuela'),
(371, 'Maastricht', 'EHBK', 'MST', 'NL', 'Netherlands'),
(372, 'Khazar', '    ', 'KHZ', 'TN', 'Turkmenistan'),
(373, 'Bedford', 'KBED', 'BED', 'US', 'United States of America'),
(374, 'Tuzla, Tuzla International Airport', 'LQTZ', 'TZL', 'BA', 'Bosnia-Herzegovina'),
(375, 'Lyneham', 'N/A ', 'LYE', 'GB', 'United Kingdom'),
(376, 'Tripoli', 'HLLT', 'TIP', 'LY', 'Libyan Ar. Jamahiriya'),
(377, 'Ho Chi Minh City', 'VVTS', 'SGN', 'VN', 'Viet Nam'),
(378, 'Florence, S.M. Novella Rail.Svc', 'N/A ', 'ZMS', 'IT', 'Italy'),
(379, 'Eagle River', 'KEGV', 'EGV', 'US', 'United States of America'),
(380, 'Nikolaev / Mykolaiv', 'UKON', 'NLV', 'UA', 'Ukraine'),
(381, 'Calcutta', 'VECC', 'CCU', 'IN', 'India'),
(382, 'East Midland, Nottingham East Midlands Airport', 'EGNX', 'EMA', 'GB', 'United Kingdom'),
(383, 'Aalborg', 'N/A ', 'AAL', 'DK', 'Denmark'),
(384, 'Nukus', 'N/A ', 'NCU', 'UZ', 'Uzbekistan'),
(385, 'Subang/ Sultan Abdul Aziz Shah', 'WMSA', 'SWM', 'MY', 'Malaysia'),
(386, 'Haugesund, Karmoy', 'ENHD', 'HAU', 'NO', 'Norway'),
(387, 'Fargo, Hector International Airport', 'KFAR', 'FAR', 'US', 'United States of America'),
(388, 'Jevlach', 'UBEE', 'EVL', 'AZ', 'Azerbaijan'),
(389, '', '    ', '   ', 'AF', 'Afghanistan'),
(390, 'Brisbane', 'YBBN', 'BNE', 'AU', 'Australia'),
(391, 'Yaroslavl', 'UUDL', 'IAR', 'RU', 'Russian Federation (in Europe)'),
(392, 'Pattani', 'VTSK', 'PAN', 'TH', 'Thailand'),
(393, 'Trier', 'N/A ', 'ZQF', 'DE', 'Germany'),
(394, 'Porto Alegre, Salgado Filhe', 'N/A ', 'POA', 'BR', 'Brazil'),
(395, 'Pardubice', 'LKPD', 'PED', 'CZ', 'Czech Republic'),
(396, 'Graz, Thalerhof', 'LOWG', 'GRZ', 'AT', 'Austria'),
(397, 'Wilmington Nexrad, NC', 'KLTX', 'LTX', 'US', 'United States of America'),
(398, 'Dera Ghazi Khan', 'N/A ', 'DEA', 'PK', 'Pakistan'),
(399, 'Cognac, Chateau Bernard', 'LFBG', 'CNG', 'FR', 'France'),
(400, 'Jakarta, Soekarno-Hatta International', 'WIII', 'CGK', 'ID', 'Indonesia'),
(401, 'Zaragoza', 'LEZG', 'ZAZ', 'ES', 'Spain and Canari Islands'),
(402, 'Macau', 'VMMC', 'MFM', 'KP', 'Korea, Dem. P. Rep. of'),
(403, 'Orange, Orange Municipal Airport', 'KORE', 'KOR', 'US', 'United States of America'),
(404, 'Muscat', 'OOMS', 'MCT', 'OM', 'Oman'),
(405, 'Tirana', 'LATI', 'TIA', 'AL', 'Albania'),
(406, 'Suleymaniya', 'N/A ', 'SUL', 'IQ', 'Irag'),
(407, 'Kohat', '    ', 'OHT', 'PK', 'Pakistan'),
(408, 'Sargodha', 'OPSR', 'SGI', 'PK', 'Pakistan'),
(409, 'Tripoli, Kleyate', 'OLKA', 'KYE', 'LB', 'Lebanon'),
(410, 'Mitiga,Tripoli', 'HLLM', 'MJI', 'LY', 'Libyan Ar. Jamahiriya'),
(411, 'Dnepropetrovsk', 'UKDD', 'DNK', 'UA', 'Ukraine'),
(412, 'Samsun', 'LTAQ', 'SZF', 'TR', 'Turkey'),
(413, 'Cherkasy', 'UKKE', 'CKC', 'UA', 'Ukraine'),
(414, 'Ivano-Frankovsk, Ivano-Frankivsk International Ai', 'UKLI', 'IFO', 'UA', 'Ukraine'),
(415, 'Krivoy Rog', 'UKDR', 'KWG', 'UA', 'Ukraine'),
(416, 'Lvov', 'UKLL', 'LWO', 'UA', 'Ukraine'),
(417, 'Simpheropol', 'UKFF', 'SIP', 'UA', 'Ukraine'),
(418, 'Uzhgorod', 'UKLU', 'UDJ', 'UA', 'Ukraine'),
(419, 'Vinnitca', 'UKWW', 'VIN', 'UA', 'Ukraine'),
(420, 'Brainerd', 'KBRD', 'ERD', 'US', 'United States of America'),
(421, 'Chernigov', 'UKRR', 'CEJ', 'UA', 'Ukraine'),
(422, 'Chernovtsy', 'UKLN', 'CWC', 'UA', 'Ukraine'),
(423, 'Kamenets-Podolsky', 'N/A ', 'KCP', 'UA', 'Ukraine'),
(424, 'Kerch', 'UKFK', 'KHC', 'UA', 'Ukraine'),
(425, 'Kherson', 'UKOH', 'KHE', 'UA', 'Ukraine'),
(426, 'Khmelnitsky', 'UKLH', 'HMJ', 'UA', 'Ukraine'),
(427, 'Kirovograd', 'UKKG', 'KGO', 'UA', 'Ukraine'),
(428, 'Kramatorsk', '    ', 'KRQ', 'UA', 'Ukraine'),
(429, 'Kremenchug', '    ', 'KHU', 'UA', 'Ukraine'),
(430, 'Lugansk', 'UKCV', 'VSG', 'UA', 'Ukraine'),
(431, 'Lutsk', 'UKLC', 'UCK', 'UA', 'Ukraine'),
(432, 'Mariupol', 'UKCM', 'MPW', 'UA', 'Ukraine'),
(433, 'Mirgorod', '    ', 'MXR', 'UA', 'Ukraine'),
(434, 'Poltava', 'UKHP', 'PLV', 'UA', 'Ukraine'),
(435, 'Severodonetsk', 'USSE', 'SEV', 'UA', 'Ukraine'),
(436, 'Sumy', 'UKHS', 'UMY', 'UA', 'Ukraine'),
(437, 'Ternopol', 'UKLT', 'TNL', 'UA', 'Ukraine'),
(438, 'Zhitomir', 'N/A ', 'ZTR', 'UA', 'Ukraine'),
(439, 'Zurich', 'N/A ', 'ZLQ', 'CH', 'Switzerland'),
(440, 'Constanta', 'LRCK', 'CND', 'RO', 'Romania'),
(441, 'Fercana', 'N/A ', 'FEG', 'UZ', 'Uzbekistan'),
(442, 'Bodo', 'ENBO', 'BOO', 'NO', 'Norway'),
(443, 'Nasosni, Military Airport', 'UBBI', '   ', 'AZ', 'Azerbaijan'),
(444, 'Bega', 'N/A ', 'OBE', 'AU', 'Australia'),
(445, 'Zahidan', 'OIZH', 'ZAH', 'IR', 'Iran (Islamic Rep. of)'),
(446, 'Khudzhand, Khudzhand Airport ', 'UTDL', 'LBD', 'TJ', 'Tajikistan'),
(447, 'Pau', 'LFBP', 'PUF', 'FR', 'France'),
(448, 'Pusan', 'RKPK', 'PUS', 'KR', 'Korea, Rep. of'),
(449, 'Liege, Bierset', 'EBLG', 'LGG', 'BE', 'Belgium'),
(450, 'Manila, Ninoy Aquino International Airport', 'RPLL', 'MNL', 'PH', 'Philipines'),
(451, 'Toulouse, Blagnac', 'LFBO', 'TLS', 'FR', 'France'),
(452, 'Aqaba, King Hussein International Airport', 'OJAQ', 'AQJ', 'JO', 'Jordan'),
(453, 'Rayong', 'VTBU', 'UTP', 'TH', 'Thailand'),
(454, 'Belfast, Belfast International Airport', 'EGAA', 'BFS', 'GB', 'United Kingdom'),
(455, 'Edinburgh, Turnhouse', 'EGPH', 'EDI', 'GB', 'United Kingdom'),
(456, 'Xiamen', 'N/A ', 'XMN', 'CN', 'China, People\'s Rep. of'),
(457, 'Tallinn', 'EETN', 'TLL', 'EE', 'Estonia'),
(458, 'Grenoble, Saint Geoirs', 'LFLS', 'GNB', 'FR', 'France'),
(459, 'Baghdad, Baghdad International /Old Code/', '    ', 'SDA', 'IQ', 'Irag'),
(460, 'Dublin', 'EIDW', 'DUB', 'IE', 'Ireland'),
(461, 'Vigo, Peinador', 'LEVX', 'VGO', 'ES', 'Spain and Canari Islands'),
(462, 'Brize Norton', 'EGVN', 'BZZ', 'GB', 'United Kingdom'),
(463, 'Fan-Rang', 'VVFR', 'FFN', 'VN', 'Viet Nam'),
(464, 'Kirkuk', 'ORKK', 'KIK', 'IQ', 'Irag'),
(465, 'Belgrade, Nikola Tesla International Airport', 'LYBE', 'BEG', 'RS', 'Serbia'),
(466, 'Tiree', 'N/A ', 'TRE', 'GB', 'United Kingdom'),
(467, 'Oulu', 'EFOU', 'OUL', 'FI', 'Finland'),
(468, 'Novgorod', '    ', 'NVR', 'XU', 'Russian Federation (in Asia)'),
(469, 'Evreux', 'LFOE', 'EVX', 'FR', 'France'),
(470, 'Lakselv', '    ', 'LKL', 'NO', 'Norway'),
(471, 'Milan, Bergamo - Orio Alserio', 'LIME', 'BGY', 'IT', 'Italy'),
(472, 'Cork', 'EICK', 'ORK', 'IE', 'Ireland'),
(473, 'Sigonella, Sigonella NAF', 'LICZ', 'NSY', 'IT', 'Italy'),
(474, 'Naples', 'LIRN', 'NAP', 'IT', 'Italy'),
(475, 'Butterworth', 'N/A ', 'BWH', 'MY', 'Malaysia'),
(476, 'Cape Town, Cape Town Intemational Airport', 'FACT', 'CPT', 'ZA', 'South Africa'),
(477, 'Doomadgee', 'N/A ', 'DMD', 'AU', 'Australia'),
(478, 'Rennes', 'LFRN', 'RNS', 'FR', 'France'),
(479, 'Ndjamena', 'FTTJ', 'NDJ', 'TD', 'Chad'),
(480, 'Austin', 'KAUS', 'AUS', 'US', 'United States of America'),
(481, 'Kandersteg', 'N/A ', 'ZHR', 'CH', 'Switzerland'),
(482, 'Bandar Abbas', 'OIKB', 'BND', 'IR', 'Iran (Islamic Rep. of)'),
(483, 'Fly-Around', '    ', 'OOO', 'AZ', 'Azerbaijan'),
(484, 'Istres Le Tube', 'LFMI', 'QIE', 'FR', 'France'),
(485, 'Zhambyl, Taraz', 'UADD', 'DMB', 'KZ', 'Kazakhstan'),
(486, 'Flight Return Domestic', 'N/A ', 'FRD', 'AZ', 'Azerbaijan'),
(487, 'Flight Return International', 'N/A ', 'FRI', 'AZ', 'Azerbaijan'),
(488, 'Kosice', 'LZKZ', 'KSC', 'SK', 'Slovakia'),
(489, 'Vasteras, Hasslo', 'ESOW', 'VST', 'SE', 'Sweden'),
(490, 'Sao Paud, Viracopos', 'N/A ', 'VCP', 'BR', 'Brazil'),
(491, 'Mccook, Mc Cook Municipal Airport', 'KMCK', 'MCK', 'US', 'United States of America'),
(492, 'Richmond', 'KRIC', 'RIC', 'US', 'United States of America'),
(493, 'Al Asad Ab', 'ORAA', 'IQA', 'IQ', 'Irag'),
(494, 'Woensdrecht', 'EHWO', 'WOE', 'NL', 'Netherlands'),
(495, 'Surabaya', 'WRSJ', 'SUB', 'ID', 'Indonesia'),
(496, 'Cleveland, Hopkins International Airport', 'KCLE', 'CLE', 'US', 'United States of America'),
(497, 'Vitebsk', 'UMII', 'VTB', 'BY', 'Belarus'),
(498, 'Bangalore', 'VOBG', 'BLR', 'IN', 'India'),
(499, 'Lagos, Murtala Muhammed International Airport', 'DNMM', 'LOS', 'NG', 'Nigeria'),
(500, 'Haifa', 'LLHA', 'HFA', 'IL', 'Israel'),
(501, 'Aalesund', 'ENAL', 'AES', 'NO', 'Norway'),
(502, 'Karup', 'EKMC', 'KRP', 'DK', 'Denmark'),
(503, 'Chateauroux', 'LFLX', 'CHR', 'FR', 'France'),
(504, 'Ahmadabad', 'VAAH', 'AMD', 'IN', 'India'),
(505, 'Nullarbor', 'N/A ', 'NUR', 'AU', 'Australia'),
(506, 'Osaka, Kansai International Airport', 'RJBB', 'KIX', 'JP', 'Japan'),
(507, 'Mogilev', 'N/A ', 'MVQ', 'BY', 'Belarus'),
(508, 'Grodna', 'UMMG', 'GNA', 'BY', 'Belarus'),
(509, 'Kortrijk', 'EBKT', 'KJK', 'BE', 'Belgium'),
(510, 'Mons', '    ', 'QMO', 'BE', 'Belgium'),
(511, 'Mechelen', '    ', 'ZGP', 'BE', 'Belgium'),
(512, 'Sadah', 'OYSH', 'SYE', 'YE', 'Yemen '),
(513, 'Skopje', 'LWSK', 'SKP', 'MK', 'Makedonia, the former Yugoslav Rep. of'),
(514, 'Bitola', 'N/A ', 'QBI', 'MK', 'Makedonia, the former Yugoslav Rep. of'),
(515, 'Ohrid', 'LWOH', 'OHD', 'MK', 'Makedonia, the former Yugoslav Rep. of'),
(516, 'Panevezys', 'EYPN', 'PNV', 'LT', 'Lithuania'),
(517, 'Klaipeda', 'EYKL', 'KLJ', 'LT', 'Lithuania'),
(518, 'Shauliaj', 'N/A ', 'HLJ', 'LT', 'Lithuania'),
(519, 'Klaipeda, Palanga. International Airport', 'EYPA', 'PLQ', 'LT', 'Lithuania'),
(520, 'Siauliai', 'EYSA', 'SQQ', 'LT', 'Lithuania'),
(521, 'Beitsy', 'LUBL', 'BZY', 'MD', 'Moldova'),
(522, 'Struga', 'N/A ', 'QXP', 'MK', 'Makedonia, the former Yugoslav Rep. of'),
(523, 'Cominc', 'N/A ', 'JCO', 'MT', 'Malta'),
(524, 'Gozo', 'N/A ', 'GZM', 'MT', 'Malta'),
(525, 'Mosul', 'ORBM', 'OSM', 'IQ', 'Irag'),
(526, 'Xianyyang', 'ZLXY', 'XIY', 'CN', 'China, People\'s Rep. of'),
(527, 'Bukhara', 'N/A ', 'BHK', 'UZ', 'Uzbekistan'),
(528, 'Moscow,Zhukovsky', 'UUBW', 'ZIA', 'RU', 'Russian Federation (in Europe)'),
(529, 'Andorra La Vella', 'N/A ', 'ALV', 'AD', 'Andorra'),
(530, 'Barbuda', 'N/A ', 'BBQ', 'AG', 'Antigua and Barbuda'),
(531, 'Aruba, Reina Beatrix', 'TNCA', 'AUA', 'AW', 'Aruba'),
(532, 'Bahrain, Bahrain International Airport', 'OBBI', 'BAH', 'BH', 'Bahrain'),
(533, 'Bridgetown, Grantley Adams International Airport', 'TBPB', 'BGI', 'BB', 'Barbados'),
(534, 'Banja Luka', 'N/A ', 'BNX', 'BA', 'Bosnia-Herzegovina'),
(535, 'Mostar', 'LQMO', 'OMO', 'BA', 'Bosnia-Herzegovina'),
(536, 'Sarajevo, Butmir', 'LQSA', 'SJJ', 'BA', 'Bosnia-Herzegovina'),
(537, 'Koala Belait', '    ', 'KUB', 'BN', 'Brunei Darussalam'),
(538, 'Bujumbura, Bujumbura International Airport', 'HBBA', 'BJM', 'BI', 'Burundi'),
(539, 'Cayman Brac Is, Gerrard-Smith', 'N/A ', 'CYB', 'KY', 'Cayman Islands'),
(540, 'Grand Cayman Island, Owen Roberts International Ai', 'N/A ', 'GCM', 'KY', 'Cayman Islands'),
(541, 'Little Cayman', 'MWDL', 'LYB', 'KY', 'Cayman Islands'),
(542, 'Christmas Island', 'N/A ', 'XCH', 'CX', 'Christmas Islands'),
(543, 'Bahia Cupica', 'N/A ', 'BHF', 'CC', 'Cocos Islands (Keeling)'),
(544, 'Cocos Islands', 'N/A ', 'CCK', 'CC', 'Cocos Islands (Keeling)'),
(545, 'Ouesso', 'N/A ', 'OUE', 'CC', 'Cocos Islands (Keeling)'),
(546, 'Lima', '    ', 'LIM', 'PE', 'Peru'),
(547, 'Las Palmas De Gran Canaria', 'GCLP', 'LPA', 'ES', 'Spain and Canari Islands'),
(548, 'Bucharest', 'LRBS', 'BBU', 'RO', 'Romania'),
(549, 'Komatsu', 'RJNK', 'KMQ', 'JP', 'Japan'),
(550, 'Dubrovnik', 'LDDU', 'DBV', 'HR', 'Croatia'),
(551, 'Djibouti', 'HDAM', 'JIB', 'DJ', 'Djibouti'),
(552, 'Jundiai', 'N/A ', 'QDV', 'BR', 'Brazil'),
(553, 'Futuna Island', 'N/A ', 'FUT', 'WF', 'Wallis and Futuna Islands'),
(554, 'Wallis Island', 'N/A ', 'WLS', 'WF', 'Wallis and Futuna Islands'),
(555, 'Andizhan', 'N/A ', 'AZN', 'UZ', 'Uzbekistan'),
(556, 'Karshi', '    ', 'KSQ', 'UZ', 'Uzbekistan'),
(557, 'Namangan', '    ', 'NMA', 'UZ', 'Uzbekistan'),
(558, 'Samarkand', 'N/A ', 'SKD', 'UZ', 'Uzbekistan'),
(559, 'Termez', 'UTST', 'TMJ', 'UZ', 'Uzbekistan'),
(560, 'Urgench', 'N/A ', 'UGC', 'UZ', 'Uzbekistan'),
(561, 'Abu Dhabi, AI Dhafra Military Airport', 'OMAM', 'DHF', 'AE', 'United Arab Emirates'),
(562, 'Abu Dhalbi, Bateen', 'OMAD', 'AZI', 'AE', 'United Arab Emirates'),
(563, 'Al Ain,  Al Ain International Airport', 'OMAL', 'AAN', 'AE', 'United Arab Emirates'),
(564, 'Minhad Ab, Minhad Ab Military Airport', 'OMDM', 'OMD', 'AE', 'United Arab Emirates'),
(565, 'Ajman City', 'N/A ', 'QAJ', 'AE', 'United Arab Emirates'),
(566, 'Umm Alquwain', 'N/A ', 'QIW', 'AE', 'United Arab Emirates'),
(567, 'Mary', 'UTAM', 'MYP', 'TN', 'Turkmenistan'),
(568, 'Chardzhou', 'N/A ', 'CRZ', 'TN', 'Turkmenistan'),
(569, 'Tashauz', 'N/A ', 'TAZ', 'TN', 'Turkmenistan'),
(570, 'Port Of Spain, Piarco International Airport', 'TTPP', 'POS', 'TD', 'Trinidad'),
(571, 'Tobago, Crown Point International Airport', 'TTPT', 'TAB', 'TD', 'Trinidad'),
(572, 'Lome', 'DXXX', 'LFW', 'TG', 'Togo'),
(573, 'Niamtougou, Lama-Kara', 'DXNG', 'LRL', 'TG', 'Togo'),
(574, 'Batticaloa', 'N/A ', 'BTC', 'LK', 'Sri Lanka'),
(575, 'Gal Oya', 'N/A ', 'GOY', 'LK', 'Sri Lanka'),
(576, 'Trincomalee', 'N/A.', 'TRR', 'LK', 'Sri Lanka'),
(577, 'Weerawila', 'N/A ', 'WRZ', 'LK', 'Sri Lanka'),
(578, 'Minnenya', 'N/A ', 'MNH', 'LK', 'Sri Lanka'),
(579, 'Jauna', '    ', 'JAF', 'LK', 'Sri Lanka'),
(580, 'Fakenham', 'N/A ', 'FKH', 'GE', 'Georgia'),
(581, 'Northampton', '    ', 'ORM', 'GE', 'Georgia'),
(582, 'Kutaisi, Kopitnari', 'UGKO', 'KIU', 'GE', 'Georgia'),
(583, 'Sukhumi', 'UGSS', 'UGS', 'GE', 'Georgia'),
(584, 'Batumi', 'UGSB', 'BUS', 'GE', 'Georgia'),
(585, 'Kutaisi, Central', 'UGKK', 'KUT', 'GE', 'Georgia'),
(586, 'Faroe Islands', 'N/A ', 'FAE', 'FO', 'Faroe Islands'),
(587, 'Port Stanley', 'N/A ', 'PSY', 'FK', 'Falkland Islands'),
(588, 'Mount Pleasant', '    ', 'MPN', 'FK', 'Falkland Islands'),
(589, 'Bata', 'N/A ', 'BSG', 'GQ', 'Equatorial Guinea'),
(590, 'San Salvador', 'MSSS', 'SAL', 'SV', 'El Salvador'),
(591, 'Guam, A.B. Won Pat International Airport', 'N/A ', 'GUM', 'GU', 'Guam'),
(592, 'Bissau', 'N/A ', 'OXB', 'GW', 'Guinea-Bissau'),
(593, 'Bubaque', 'N/A ', 'BQE', 'GW', 'Guinea-Bissau'),
(594, 'Vaduz', 'N/A ', 'QVU', 'LI', 'Liechtenshtein'),
(595, 'Mauritius, S.Seewoosagur Ram. Intlernational Airpo', '    ', 'MRU', 'MU', 'Mauritius'),
(596, 'Rodriguesis', 'N/A ', 'RRG', 'MU', 'Mauritius'),
(597, 'Dzaoudzi', 'N/A ', 'DZA', 'YT', 'Mayotte'),
(598, 'Montserrat', '    ', 'MNI', 'MS', 'Montserrat'),
(599, 'Tokyo', 'N/A ', 'TYO', 'JP', 'Japan'),
(600, 'Kristiansund', 'ENKB', 'KSU', 'NO', 'Norway'),
(601, 'Anaa', 'NTGA', 'AAA', 'PF', 'French Polynesia'),
(602, 'Newport, Newport State Airport', 'KUUU', 'UUU', 'US', 'United States of America'),
(603, 'Benson, Municipal Aiport', 'KBBB', 'BBB', 'US', 'United States of America'),
(604, 'Cayo Coco', 'MUCC', 'CCC', 'CU', 'Cuba'),
(605, 'Longview', 'KGGG', 'GGG', 'US', 'United States of America'),
(606, 'Kalakaket', 'KKKK', 'KKK', 'US', 'United States of America'),
(607, 'Mont Joli, Que.', 'CYYY', 'YYY', 'CA', 'Canada'),
(608, 'Siassi', 'N/A ', 'SSS', 'PG', 'Papua New Guinea'),
(609, 'Middlemount', '    ', 'MMM', 'AU', 'Australia'),
(610, 'Proserpine', 'YBPN', 'PPP', 'PG', 'Papua New Guinea'),
(611, 'Grenada, Point Saline International Airport', 'TGPY', 'GND', 'GD', 'Grenada'),
(612, 'Palma De Mallorca', 'LEPA', 'PMI', 'ES', 'Spain and Canari Islands'),
(613, 'Guadalajara, Don Miguel Hidalgo International Airp', 'MMGL', 'GDL', 'MX', 'Mexico'),
(614, 'Karlsruhe, Baden-Baden', 'EDSB', 'FKB', 'DE', 'Germany'),
(615, 'Trabzon', 'LTCG', 'TZX', 'TR', 'Turkey'),
(616, 'Brussels, Melsbroek Airport', 'EBMB', '   ', 'BE', 'Belgium'),
(617, 'RAF Waddington', 'EGXW', 'WTN', 'GB', 'United Kingdom'),
(618, 'Paris, Le Bourget', 'LFPB', 'LBG', 'FR', 'France'),
(619, 'Perth', 'YPPH', 'PER', 'AU', 'Australia'),
(620, 'Ingolshtad', 'ETSI', 'ZNG', 'DE', 'Germany'),
(621, 'Incirlik Air Base, Adana', 'LTAG', 'UAB', 'TR', 'Turkey'),
(622, 'Houston, Hobby International Airport', 'KHOU', 'HOU', 'US', 'United States of America'),
(623, 'Bali', 'N/A ', 'BAJ', 'PG', 'Papua New Guinea'),
(624, 'London, Luton International Airport', 'EGGW', 'LTN', 'GB', 'United Kingdom'),
(625, 'Varna', 'LBWN', 'VAR', 'BG', 'Bulgaria'),
(626, 'Podgorica, Golubovci', 'LYPG', 'TGD', 'ME', 'Montenegro'),
(627, 'Malaga', 'LEMG', 'AGP', 'ES', 'Spain and Canari Islands'),
(628, 'Diyarbakir', 'LTCC', 'DIY', 'TR', 'Turkey'),
(629, 'Amman', 'OJAM', 'ADJ', 'JO', 'Jordan'),
(630, 'Pori Airport', 'EFPO', 'POR', 'FI', 'Finland'),
(631, 'Minneapolis', 'N/A ', 'MSP', 'US', 'United States of America'),
(632, 'Argyle Downs', 'N/A ', 'AGY', 'AU', 'Australia'),
(633, 'Loubomo', 'FCPL', 'DIS', '  ', 'Congo (Democratic Rep.)'),
(634, 'Nuremberg, HBF Railway Service', 'N/A ', 'ZAQ', 'DE', 'Germany'),
(635, 'Akrotri', 'LCRA', 'AKT', 'CY', 'Cyprus'),
(636, 'Soesterberg', 'EHSB', 'SSB', 'NL', 'Netherlands'),
(637, 'Cardiff', 'EGFF', 'CWL', 'WF', 'Wallis and Futuna Islands'),
(638, 'Bristol', 'EGTG', 'FZO', 'GB', 'United Kingdom'),
(639, 'Shiraz', 'OISS', 'SYZ', 'IR', 'Iran (Islamic Rep. of)'),
(640, 'Iraklion(Nikos/Kazantzakiz)', 'LGIR', 'HER', 'GR', 'Greece'),
(641, 'Amazon Bay', 'N/A ', 'AZB', 'PG', 'Papua New Guinea'),
(642, 'El Obeid Airport ', 'HSOB', 'EBD', 'SD', 'Sudan'),
(643, 'Ostersund, Froson', 'ESPC', 'OSD', 'SE', 'Sweden'),
(644, 'Stockholm, Bromma', 'ESSB', 'BMA', 'SE', 'Sweden'),
(645, 'Orlando, Orlando International Airport', 'KMCO', 'MCO', 'US', 'United States of America'),
(646, 'Salt Lake City, Salt Lake City International Airpo', 'KSLC', 'SLC', 'US', 'United States of America'),
(647, 'Bodrum', 'LTFE', 'BJV', 'TR', 'Turkey'),
(648, 'Detroit', 'KDTW', 'DTW', 'US', 'United States of America'),
(649, 'Louisa', 'KLOW', 'LOW', 'US', 'United States of America'),
(650, 'Sonderborg Airport', 'EKSB', 'SGD', 'DK', 'Denmark'),
(651, 'Adelaide', 'YPAD', 'ADL', 'AU', 'Australia'),
(652, 'Brescia, Montichiari Airport', 'LIPO', 'VBS', 'IT', 'Italy'),
(653, 'Ibiza', 'LEIB', 'IBZ', 'ES', 'Spain and Canari Islands'),
(654, 'Makhachkala', 'URML', 'MCX', 'RU', 'Russian Federation (in Europe)'),
(655, 'Yerevan, Zvartnots', 'UDYZ', 'EVN', 'AM', 'Armenia'),
(656, 'Aix-en-Provence', 'LFMM', 'QXB', 'FR', 'France'),
(657, 'Gaziantep', 'LTAJ', 'GZT', 'TR', 'Turkey'),
(658, 'Brasilia, Brasilia International Airport', 'SBBR', 'BSB', 'BR', 'Brazil'),
(659, 'Casablanka', 'CAS ', 'CAS', 'RE', 'Reunion'),
(660, 'London, Stansted International Airport', 'EGSS', 'STN', 'GB', 'United Kingdom'),
(661, 'Bengazi', 'HLLB', 'BEN', 'LY', 'Libyan Ar. Jamahiriya'),
(662, 'Berlin, Schoenfeld', 'EDDB', 'SXF', 'DE', 'Germany'),
(663, 'Qingdao', 'ZSQD', 'TAO', 'CN', 'China, People\'s Rep. of'),
(664, 'Farnborough', 'EGLF', 'FAB', 'GB', 'United Kingdom'),
(665, 'Dalaman', 'LTBS', 'DLM', 'TR', 'Turkey'),
(666, 'Bereina', 'N/A ', 'BEA', 'PG', 'Papua New Guinea'),
(667, 'Beijing ', 'ZBAA', 'PEK', 'CN', 'China, People\'s Rep. of'),
(668, 'Reykjavik,.Reykjavik Domestic Airport', 'BIRK', 'REK', 'IS', 'Iceland'),
(669, 'Havana, Jose Marti International Airport', 'MUHA', 'HAV', 'CU', 'Cuba'),
(670, 'Cagliari', 'LIEE', 'CAG', 'IT', 'Italy'),
(671, 'Ulaanbaatar', 'ZMUB', 'ULN', 'MN', 'Mongolia'),
(672, 'Northolt', 'EGWU', 'NHT', 'GB', 'United Kingdom'),
(673, 'Krakow', 'EPKK', 'KRK', 'PL', 'Poland'),
(674, 'Biggin Hill', 'EGKB', 'BQH', 'GB', 'United Kingdom'),
(675, 'Hanoi', 'VVNB', 'HAN', 'VN', 'Viet Nam'),
(676, 'Uppsala', 'ESCM', 'UPP', 'SE', 'Sweden'),
(677, 'Katowice, Pyrzowice', 'EPKT', 'KTW', 'PL', 'Poland'),
(678, 'Ust Kamenogorsk', 'UASK', 'UKK', 'KZ', 'Kazakhstan'),
(679, 'Minsk, Minsk International Airport 1', 'UMMM', 'MHP', 'BY', 'Belarus'),
(680, 'Berlin, Tempelhof', 'EDDI', 'THF', 'DE', 'Germany'),
(681, 'Erbil', 'ORER', 'EBL', 'IQ', 'Irag'),
(682, 'Matupa', '    ', 'MBK', 'BR', 'Brazil'),
(683, 'Tegucigalpa', 'MHTG', 'TGU', 'HN', 'Honduras'),
(684, 'Patreksfjordur', 'BIPA', 'PFJ', 'IS', 'Iceland'),
(685, 'Raufarhofn', 'BIRG', 'RFN', 'IS', 'Iceland'),
(686, 'Isafjordur', 'BIIS', 'IFJ', 'IS', 'Iceland'),
(687, 'Hornafjordur', 'BIHN', 'HFN', 'IS', 'Iceland'),
(688, 'Rostock-Laage Airport', 'ETNL', 'RLG', 'DE', 'Germany'),
(689, 'Aralsk', 'UATA', 'UAT', 'KZ', 'Kazakhstan'),
(690, 'Rome, Ciampino ', 'LIRA', 'CIA', 'IT', 'Italy'),
(691, 'Chonburi', 'VTBS', 'QHI', 'TH', 'Thailand'),
(692, 'Cold Lake Airport ', 'CYOD', 'YOD', 'CA', 'Canada'),
(693, 'Rijeka', 'LDRI', 'RJK', 'HR', 'Croatia'),
(694, 'Split', 'LDSP', 'SPU', 'HR', 'Croatia'),
(695, 'Mali Losinj', 'LDLO', 'LSZ', 'HR', 'Croatia'),
(696, 'Braи', 'LDSB', 'BWK', 'HR', 'Croatia'),
(697, 'Pula', 'LDPL', 'PUY', 'HR', 'Croatia'),
(698, 'Bayamo', 'MUBY', 'BYM', 'CU', 'Cuba'),
(699, 'Bykovo', 'UUBB', 'BKA', 'XU', 'Russian Federation (in Asia)'),
(700, 'Seychelles International', 'FSIA', 'SEZ', 'SC', 'Seychelles'),
(701, 'Tekirdag, Corlu', 'LTBU', 'TEQ', 'TR', 'Turkey'),
(702, 'Columbus, Rickenbacker', 'KLCK', 'LCK', 'US', 'United States of America'),
(703, 'Oberpfaffenhofe', 'EDMO', 'OBF', 'DE', 'Germany'),
(704, 'Nordholz-Spieka', 'N/A ', 'NDZ', 'DE', 'Germany'),
(705, 'Ware', '    ', 'UWA', 'US', 'United States of America'),
(706, 'Pune', 'VAPO', 'PNQ', 'IN', 'India'),
(707, 'Nordholz Navy', 'ETMN', 'FCN', 'DE', 'Germany'),
(708, 'Erfurt', 'EDDE', 'ERF', 'DE', 'Germany'),
(709, 'Riyadh, King Khaled International Airport', 'OERK', 'RUH', 'SA', 'Saudi Arabia'),
(710, 'Cluj / Napoca', 'LRCL', 'CLJ', 'RO', 'Romania'),
(711, 'Chkalovsk', 'UUMU', '   ', 'XU', 'Russian Federation (in Asia)'),
(712, 'Male, Male International Airport', 'VRMM', 'MLE', 'MV', 'Maldives'),
(713, 'Gorna Oryahovitsa ', 'LBGO', 'GOZ', 'BG', 'Bulgaria'),
(714, 'Tenerife', 'GCTS', 'TFS', 'ES', 'Spain and Canari Islands'),
(715, 'Baikonor', 'UAON', '   ', 'KZ', 'Kazakhstan'),
(716, 'Goa Airport', 'VAGO', 'GOI', 'IN', 'India'),
(717, 'Palermo', 'LICJ', 'PMO', 'IT', 'Italy'),
(718, 'Minhad Ab, Military Airport', 'OMDM', 'NHD', 'AE', 'United Arab Emirates'),
(719, 'Osan.Mil.', 'RKSO', 'OSN', 'KR', 'Korea, Rep. of'),
(720, 'Landsberg', 'ETSA', 'DDM', 'DE', 'Germany'),
(721, 'Detroit Lakes', 'KDTL', 'DTL', 'US', 'United States of America'),
(722, 'Phuket, Phuket International Airport', 'VTSP', 'HKT', 'TH', 'Thailand'),
(723, 'Salalah', 'OOSA', 'SLL', 'OM', 'Oman'),
(724, 'Finke', 'N/A ', 'FIK', 'AU', 'Australia'),
(725, 'Innsbruck, Kranebitten', 'LOWI', 'INN', 'AT', 'Austria'),
(726, 'Kasane', 'FBKE', 'BBK', 'BW', 'Botswana'),
(727, 'Dzhankoy ', 'UKFY', '   ', 'UA', 'Ukraine'),
(728, 'Ovda', 'LLOV', 'VDA', 'IL', 'Israel'),
(729, 'Gardermoen', 'ENGM', 'GEN', 'NO', 'Norway'),
(730, 'Kalamata', 'LGKL', 'KLX', 'GR', 'Greece'),
(731, 'Amritsar', 'N/A ', 'ATQ', 'IN', 'India'),
(732, 'Swindon', 'N/A ', 'SWI', 'GB', 'United Kingdom'),
(733, 'Swansea', 'EGFH', 'SWS', 'GB', 'United Kingdom'),
(734, 'Stornoway', 'EGPO', 'SYY', 'GB', 'United Kingdom'),
(735, 'Wyton', 'N/A ', 'QUY', 'GB', 'United Kingdom'),
(736, 'Hatfeild', 'EGTH', 'HTF', 'GB', 'United Kingdom'),
(737, 'Soderhamn', 'ESCL', 'SOO', 'SE', 'Sweden'),
(738, 'Kiruna', 'ESNQ', 'KRN', 'SE', 'Sweden'),
(739, 'Kalmar', 'ESMQ', 'KLR', 'SE', 'Sweden'),
(740, 'Gallivare', 'ESNG', 'GEV', 'SE', 'Sweden'),
(741, 'Malacky', 'LZMC', 'LZM', 'SK', 'Slovakia'),
(742, 'Borlange ', 'ESSD', 'BLE', 'SE', 'Sweden'),
(743, 'Yanbu', 'OEYN', 'YNB', 'SA', 'Saudi Arabia'),
(744, 'Kuala Trengganu', 'WMKN', 'TGG', 'MY', 'Malaysia'),
(745, 'Aboisso', 'DIAO', 'ABO', 'CL', 'Cote D\'lvoire'),
(746, 'Umea', 'ESNU', 'UME', 'SE', 'Sweden'),
(747, 'Long Semado', 'N/A ', 'LSM', 'MY', 'Malaysia'),
(748, 'Khajuraho', 'VAKJ', 'HJR', 'VN', 'Viet Nam'),
(749, 'Kuching', 'WBGG', 'KCH', 'MY', 'Malaysia'),
(750, 'Lasham', 'EGHL', 'QLA', 'GB', 'United Kingdom'),
(751, 'Papa Westray', 'EGEP', 'PPW', 'GB', 'United Kingdom'),
(752, 'San Cristobal', 'SVPM', 'SCI', 'VE', 'Venezuela'),
(753, 'Taiyuan', 'ZBYN', 'TYN', 'TW', 'Taiwan'),
(754, 'Don Muang International Airport', 'VTBD', 'DMK', 'TH', 'Thailand'),
(755, 'Labuan Bajo, Mutiara', '    ', 'LBJ', 'ID', 'Indonesia'),
(756, 'Koh-Samui', 'VTSM', 'USM', 'TH', 'Thailand'),
(757, 'Treviso', 'LIPH', 'TSF', 'IT', 'Italy'),
(758, 'Hamburg Finkenwerder', 'EDHI', 'XFW', 'DE', 'Germany'),
(759, 'Velizy', 'LFPV', 'LFP', 'FR', 'France'),
(760, 'Leeds', '    ', 'ZLZ', 'GB', 'United Kingdom'),
(761, 'Dera Ismail Khan', 'OPDI', 'DSK', 'PK', 'Pakistan'),
(762, 'Dallas, Dallas North Airport', 'KDNE', 'DNE', 'US', 'United States of America'),
(763, 'Mildenhall, Mildenhall Airport', 'N/A ', 'MHZ', 'GB', 'United Kingdom'),
(764, 'Astoria Regional Airport ', 'KAST', 'AST', 'US', 'United States of America'),
(765, 'Tehran, Imam Khomaini International Airport', 'OIIE', 'IKA', 'IR', 'Iran (Islamic Rep. of)'),
(766, 'Houston, Andrau Airpark', 'KAAP', 'AAP', 'US', 'United States of America'),
(767, 'Houston, Greenway Plaza Heliport', 'KJGP', 'JGP', 'US', 'United States of America'),
(768, 'Houston, David Wayne Hooks Memorial Airport', 'KDWH', 'DWH', 'US', 'United States of America'),
(769, 'Houston, Marriot Astrodome', 'KJMA', 'JMA', 'US', 'United States of America'),
(770, 'Houston,  Park Ten Heliport', 'KJPT', 'JPT', 'US', 'United States of America'),
(771, 'Ataq', 'OYAT', 'AXK', 'YE', 'Yemen '),
(772, 'Abbse', 'OYAB', 'EAB', 'YE', 'Yemen '),
(773, 'Riyan Mulkalla', 'OYRN', 'RIY', 'YE', 'Yemen '),
(774, 'Socotra', 'OYSQ', 'SCT', 'YE', 'Yemen '),
(775, 'Loring', 'KWLR', 'WLR', 'US', 'United States of America'),
(776, 'White Mountain', 'KWMO', 'WMO', 'US', 'United States of America'),
(777, 'Willow', 'KWOW', 'WOW', 'US', 'United States of America'),
(778, 'Wales', 'KWAA', 'WAA', 'US', 'United States of America'),
(779, 'Teterboro, Teterboro International Airport', 'KTEB', 'TEB', 'US', 'United States of America'),
(780, 'Konya', 'LTAN', 'KYA', 'TR', 'Turkey'),
(781, 'Merzifon', 'LTAP', 'MZH', 'TR', 'Turkey'),
(782, 'Berlin, Berlin Zoo', 'N/A ', 'QWC', 'DE', 'Germany'),
(783, 'Banjul, Yundum International Airport', 'GBYD', 'BJL', 'GM', 'Gambia'),
(784, 'Sodertalje, Sodertalje Heliport', 'N/A ', 'JSO', 'SE', 'Sweden'),
(785, 'Zabrat, Zabrat Heliport', 'UBTT', 'ZXT', 'AZ', 'Azerbaijan'),
(786, 'Kars', 'LTCF', 'KSY', 'TR', 'Turkey'),
(787, 'Elazig', 'LTCA', 'EZS', 'TR', 'Turkey'),
(788, 'Balikesir', 'LTBF', 'BZI', 'TR', 'Turkey'),
(789, 'Bandirma', 'LTBG', 'BDM', 'TR', 'Turkey'),
(790, 'Afyon', 'LTAH', 'AFY', 'TR', 'Turkey'),
(791, 'Mus', 'LTCK', 'MSR', 'TR', 'Turkey'),
(792, 'Agri', 'N/A ', 'AJI', 'TR', 'Turkey'),
(793, 'Sivas', 'LTAR', 'VAS', 'TR', 'Turkey'),
(794, 'Van', 'LTCI', 'VAN', 'TR', 'Turkey'),
(795, 'Ushak', 'LTBO', 'USQ', 'TR', 'Turkey'),
(796, 'Tokat', 'LTAW', 'TJK', 'TR', 'Turkey'),
(797, 'Zonguldak', 'LTAS', 'ONO', 'TR', 'Turkey'),
(798, 'Merzifon', 'LTAP', 'MZH', 'TR', 'Turkey'),
(799, 'Isparta', 'LTBM', 'ISE', 'TR', 'Turkey'),
(800, 'Erzincan', 'LTCD', 'ERC', 'TR', 'Turkey'),
(801, 'Chanakkale', 'LTBH', 'CKZ', 'TR', 'Turkey'),
(802, 'Salamanca', 'LESA', 'SLM', 'ES', 'Spain and Canari Islands'),
(803, 'Malmo, Malmo Harbour Heliport', 'N/A ', 'JMM', 'SE', 'Sweden'),
(804, 'Manzini, Matsapha International Airport', 'FDMS', 'MTS', 'SZ', 'Swaziland'),
(805, 'Deirezzor', 'OSDZ', 'DEZ', 'SY', 'Syria'),
(806, 'Cardiff, Cardiff-Wales Airport', 'EGFF', 'CWL', 'GB', 'United Kingdom'),
(807, 'Bangor', 'KBGR', 'BGR', 'US', 'United States of America'),
(808, 'Varanasi Airport', 'VIBN', 'VNS', 'IN', 'India'),
(809, 'Canberra', '    ', 'CBR', 'AU', 'Australia'),
(810, 'Kameshli', 'OSKL', 'KAC', 'SY', 'Syria'),
(811, 'Latakia', 'OSLK', 'LTK', 'SY', 'Syria'),
(812, 'Palmyra', 'OSPR', 'PMS', 'SY', 'Syria'),
(813, 'Kirkwall', 'EGPA', 'KOI', 'GB', 'United Kingdom'),
(814, 'Redhill', 'EGKR', 'KRH', 'GB', 'United Kingdom'),
(815, 'Tampa, Tampa International Airport', 'KTPA', 'TPA', 'US', 'United States of America'),
(816, 'Alencon', 'LFOF', 'XAN', 'FR', 'France'),
(817, 'Agadir', 'GMAD', 'AGA', 'MA', 'Morocco'),
(818, 'Oruro', 'SLOR', 'ORU', 'BO', 'Bolivia'),
(819, 'Covilha', '    ', 'COV', 'PT', 'Portugal'),
(820, 'Boston, Boston City Heliport', 'KJBC', 'JBC', 'US', 'United States of America'),
(821, 'Phoenix, Deer Valley Municipal Airport', 'KDVT', 'DVT', 'US', 'United States of America'),
(822, 'Phoenix, Scottsdale Municipal Airport', 'KSCE', 'SCE', 'US', 'United States of America'),
(823, 'Phoenix, Sky Harbor International Airport', 'KPHX', 'PHX', 'US', 'United States of America'),
(824, 'Schleswig', 'ETNS', 'WBG', 'DE', 'Germany'),
(825, 'Breda, Gilze-Rijen', 'EHGR', 'GLZ', 'NL', 'Netherlands'),
(826, 'Cincinnati, Northern Kentucky International Airpor', 'KCVG', 'CVG', 'US', 'United States of America'),
(827, 'Las Vegas, Mc Carran International Airport', 'KLAS', 'LAS', 'US', 'United States of America');
INSERT INTO `airport` (`airport_ID`, `name`, `icao`, `iata`, `code`, `country`) VALUES
(828, 'Las Vegas, Las Vegas Municipal Airport', 'KLVS', 'LVS', 'US', 'United States of America'),
(829, 'Guernsey', 'EGJB', 'GCI', 'GB', 'United Kingdom'),
(830, 'Eday', 'EGED', 'EOI', 'GB', 'United Kingdom'),
(831, 'Holyhead', 'EGCH', 'HLY', 'GB', 'United Kingdom'),
(832, 'Haverfordwest', 'EGFE', 'HAW', 'GB', 'United Kingdom'),
(833, 'Fairoaks', 'EGTF', 'FRK', 'GB', 'United Kingdom'),
(834, 'Esltree', 'EGTR', 'ETR', 'GB', 'United Kingdom'),
(835, 'Penzance, Heliport', 'EGHK', 'PZE', 'GB', 'United Kingdom'),
(836, 'Liverpool, John Lennon International Airport', 'EGGP', 'LPL', 'GB', 'United Kingdom'),
(837, 'London, London City Airport', 'EGLC', 'LCY', 'GB', 'United Kingdom'),
(838, 'Taba', 'HETB', 'TCP', 'EG', 'Egypt'),
(839, 'Rousse', 'LBRS', 'ROU', 'BG', 'Bulgaria'),
(840, 'Stara Zagora', 'LBSZ', 'SZR', 'BG', 'Bulgaria'),
(841, 'Accra', 'DGAA', 'ACC', 'GH', 'Ghana'),
(842, 'Kinshasa', 'FZAA', 'FIH', '  ', 'Congo (Democratic Rep.)'),
(843, 'Szczecin-Goleniow ', 'EPSC', 'SZZ', 'PL', 'Poland'),
(844, 'Rhodes ', 'LGRP', 'RHO', 'GR', 'Greece'),
(845, 'Shymkent', 'UAII', 'CIT', 'KZ', 'Kazakhstan'),
(846, 'Eilat', 'LLET', 'ETH', 'IL', 'Israel'),
(847, 'Ujno Saxalinsk', '    ', 'KRJ', 'XU', 'Russian Federation (in Asia)'),
(848, 'Kurgan', 'USUU', 'KRO', 'XU', 'Russian Federation (in Asia)'),
(849, 'Wolfsburg', '    ', 'ZQU', 'DE', 'Germany'),
(850, 'Leon', 'LELN', 'LCG', 'ES', 'Spain and Canari Islands'),
(851, 'Slupsk', 'EPSK', 'OSP', 'PL', 'Poland'),
(852, 'Zielona Gora', 'EPZG', 'IEG', 'PL', 'Poland'),
(853, 'Schiphol', '    ', 'SPL', 'NL', 'Netherlands'),
(854, 'Knock', 'EIKN', 'NOC', 'IE', 'Ireland'),
(855, 'Sligo', 'EISG', 'SXL', 'IE', 'Ireland'),
(856, 'Oran', 'DAOO', 'ORN', 'DZ', 'Algeria'),
(857, 'Hassi Messaoud, Oued lrara Airport', 'DAUH', 'HME', 'DZ', 'Algeria'),
(858, 'Zadar', 'LDZD', 'ZAD', 'HR', 'Croatia'),
(859, 'Gagnoa', 'DIGA', 'GGN', 'CL', 'Cote D\'lvoire'),
(860, 'Yeni-Shehir', 'LTBR', 'YEI', 'TR', 'Turkey'),
(861, 'Bursa', 'LTBE', 'BTZ', 'TR', 'Turkey'),
(862, 'Izmir', '    ', 'IZM', 'TR', 'Turkey'),
(863, 'Izmir, Cigli Military Airport', 'LTBL', 'IGI', 'TR', 'Turkey'),
(864, 'Mont de Marsan', 'LFBM', 'XMJ', 'FR', 'France'),
(865, 'Erzurum', 'LTCE', 'ERZ', 'TR', 'Turkey'),
(866, 'Dayton, James Cox Dayton International Airport', 'KDAY', 'DAY', 'US', 'United States of America'),
(867, 'Brazzaville', 'FCBB', 'BZV', '  ', 'Congo (Democratic Rep.)'),
(868, 'Iligan', '    ', 'IGN', 'PH', 'Philipines'),
(869, 'Kassel', 'EDVK', 'KSF', 'DE', 'Germany'),
(870, 'Guangyuan', 'ZUGU', 'GYS', 'CN', 'China, People\'s Rep. of'),
(871, 'St. Paul Downtown Airport', 'KSTP', 'STP', 'US', 'United States of America'),
(872, 'Spangdahlem Air Base', 'ETAD', 'SPM', 'DE', 'Germany'),
(873, 'Ambatolahy', '    ', 'AHY', 'MG', 'Madagascar'),
(874, 'Milwaukee', 'KMKE', 'MKE', 'US', 'United States of America'),
(875, 'Oklahoma city', '    ', 'OKC', 'US', 'United States of America'),
(876, 'Orlando,FL', '    ', 'ORL', 'US', 'United States of America'),
(877, 'San Diego,CA', '    ', 'SAN', 'US', 'United States of America'),
(878, 'Al Udeid Air Base – Doha ', 'OTBH', 'IUD', 'QA', 'Qatar'),
(879, 'Aviano Air Base', 'LIPA', 'AVB', 'IT', 'Italy'),
(880, 'Kzyl-Orda', '    ', 'KZO', 'KZ', 'Kazakhstan'),
(881, 'Rabat-Sale', 'GMME', 'RBA', 'MA', 'Morocco'),
(882, 'Hanty-Mansiisk', '    ', 'HMA', 'XU', 'Russian Federation (in Asia)'),
(883, 'Duluth', 'KDLH', 'DLH', 'US', 'United States of America'),
(884, 'Cuneo', 'LIMZ', 'CUF', 'IT', 'Italy'),
(885, 'Luxor', '    ', 'LXR', 'EG', 'Egypt'),
(886, 'Sde Dov Airport', 'LLSD', 'SDV', 'IL', 'Israel'),
(887, 'Kilaguni', '    ', 'ILU', 'KE', 'Kenya'),
(888, 'Grimsby', '    ', 'XGY', 'CA', 'Canada'),
(889, 'Westerland', 'EDXW', 'GWT', 'DE', 'Germany'),
(890, 'Akiachak, SPB', 'KKKI', 'KKI', 'US', 'United States of America'),
(891, 'Shenzhen', '    ', 'SZX', 'CN', 'China, People\'s Rep. of'),
(892, 'Guangzhou', '    ', 'CAN', 'CN', 'China, People\'s Rep. of'),
(893, 'Decimomannu', 'LIED', 'DCO', 'IT', 'Italy'),
(894, 'Bom Jesus Da Lapa', 'SBLP', 'LAZ', 'BR', 'Brazil'),
(895, 'Saumlaki', 'WAPI', 'SXK', 'ID', 'Indonesia'),
(896, 'Peoria, Greater Peoria Regional Airport', 'KPIA', 'PIA', 'US', 'United States of America'),
(897, 'Shaoguan', '    ', 'HSC', 'CN', 'China, People\'s Rep. of'),
(898, 'Tarbes', 'LFDT', 'XTB', 'AU', 'Australia'),
(899, 'Waterford', 'EIWF', 'WAT', 'IE', 'Ireland'),
(900, 'Mount Hagen, Kagamuga', 'AYMH', 'HGU', 'PG', 'Papua New Guinea'),
(901, 'Hail', 'OEHL', 'HAS', 'SA', 'Saudi Arabia'),
(902, 'Siwa', '    ', 'SEW', 'EG', 'Egypt'),
(903, 'Abingdon', '    ', 'ABG', 'AU', 'Australia'),
(904, 'Hattiesburg, Bobby L. Chain Municipal Airport', 'KHBG', 'HBG', 'US', 'United States of America'),
(905, 'Mae Hong Son', 'VTCH', 'HGN', 'TH', 'Thailand'),
(906, 'Heringsdorf', 'EDAH', 'HDF', 'DE', 'Germany'),
(907, 'Warracknabeal', '    ', 'WKB', 'AU', 'Australia'),
(908, 'Sdr Stroemfjord', 'BGSF', 'SJF', 'GL', 'Greenland'),
(909, 'Kingaroy', '    ', 'KGY', 'AU', 'Australia'),
(910, 'Tyonek', 'KTYE', 'TYE', 'US', 'United States of America'),
(911, 'Gascoyne Junction', '    ', 'GSC', 'AU', 'Australia'),
(912, 'Sarmellek, Saarmelleek International Airport ', 'LHSM', 'SOB', 'HU', 'Hungary'),
(913, 'Dayton, Dayton General Airport South Airport', 'KMGY', 'MGY', 'US', 'United States of America'),
(914, 'Dschang', '    ', 'DSC', 'CM', 'Cameroon'),
(915, 'St Louis, Lambert-St Louis International Airport', 'KSTL', 'STL', 'US', 'United States of America'),
(916, 'Rasht Airport', 'OIGG', 'RAS', 'IR', 'Iran (Islamic Rep. of)'),
(917, 'Gander, Gander International Airport', 'CYQX', 'YQX', 'CA', 'Canada'),
(918, 'Petropavlovsk-Kamchatskyi', '    ', 'PKC', 'XU', 'Russian Federation (in Asia)'),
(919, 'Niagara Falls, Niagara Falls International Airport', 'KIAG', 'IAG', 'US', 'United States of America'),
(920, 'Healy Lake', 'KHKB', 'HKB', 'US', 'United States of America'),
(921, 'Fremantle, Heliport', '    ', 'JFM', 'AU', 'Australia'),
(922, 'Thome Bay', 'KKTB', 'KTB', 'US', 'United States of America'),
(923, 'Huatulco', '    ', 'HUX', 'MX', 'Mexico'),
(924, 'Keningau', '    ', 'KGU', 'MY', 'Malaysia'),
(925, 'Lakeland, Municipal Airport', 'KLAL', 'LAL', 'US', 'United States of America'),
(926, 'Hangzhou', 'ZSHC', 'HGH', 'CN', 'China, People\'s Rep. of'),
(927, 'Biarritz-Bayonne - Anglet Airport ', 'LFBZ', 'BIQ', 'FR', 'France'),
(928, ' Pisa, Gal Galilei', 'LIRP', 'PSA', 'IT', 'Italy'),
(929, 'Drumduff', '    ', 'DFP', 'AU', 'Australia'),
(930, 'Fianarantsoa', '    ', 'WFI', 'MG', 'Madagascar'),
(931, 'Santa Maria', 'SBSM', 'RIA', 'BR', 'Brazil'),
(932, 'Hagerstownshington County Regional Airport, MD', 'KHGR', 'HGR', 'US', 'United States of America'),
(933, 'Fort Madison, Municipal Airport', 'KFMS', 'FMS', 'US', 'United States of America'),
(934, 'La Plata, La Plata Aerodrome', 'SADL', 'LPG', 'AR', 'Argentina'),
(935, 'Seronera', '    ', 'SEU', 'TZ', 'Tanzania'),
(936, 'Atbara', 'HSAT', 'ATB', 'SD', 'Sudan'),
(937, 'Indianapolis, Indianapolis International Airport', 'KIND', 'IND', 'US', 'United States of America'),
(938, 'Astrakhan', 'URWA', 'ASF', 'RU', 'Russian Federation (in Europe)'),
(939, 'Barnaul', '    ', 'BAX', 'XU', 'Russian Federation (in Asia)'),
(940, 'Kemerovo', '    ', 'KEJ', 'XU', 'Russian Federation (in Asia)'),
(941, 'Chenault Airpark, LA', 'KCWF', 'CWF', 'US', 'United States of America'),
(942, 'Atka', 'KAKB', 'AKB', 'US', 'United States of America'),
(943, 'French Lick, Municipal Airport', 'KFRH', 'FRH', 'US', 'United States of America'),
(944, 'Washington', '    ', 'WAS', 'US', 'United States of America'),
(945, 'Ercan', '    ', 'ECN', 'CY', 'Cyprus'),
(946, 'Jefferson', 'KJFN', 'JFN', 'US', 'United States of America'),
(947, 'Ormara', '    ', 'ORW', 'PK', 'Pakistan'),
(948, 'Villars', '    ', 'ZLA', 'CH', 'Switzerland'),
(949, 'Miri', 'WBGR', 'MYY', 'MY', 'Malaysia'),
(950, 'Canas', '    ', 'CSC', 'CR', 'Costa Rica'),
(951, 'Bahregan', '    ', 'IAQ', 'IR', 'Iran (Islamic Rep. of)'),
(952, 'Hogatza', 'KHGZ', 'HGZ', 'US', 'United States of America'),
(953, 'Sedom', '    ', 'SED', 'IL', 'Israel'),
(954, 'Apalapsili', '    ', 'AAS', 'ID', 'Indonesia'),
(955, 'Terre-de-Bas', '    ', 'HTB', 'GP', 'Guadeloupe iIncluding St. Barthelemy and Northern '),
(956, 'St. Margrethen', '    ', 'ZKF', 'CH', 'Switzerland'),
(957, 'Assiut', '    ', 'ATZ', 'EG', 'Egypt'),
(958, 'Padang', 'WIMG', 'PDG', 'ID', 'Indonesia'),
(959, 'Johnstown', 'KJST', 'JST', 'US', 'United States of America'),
(960, 'Weeping Water', 'KEPG', 'EPG', 'US', 'United States of America'),
(961, 'Caen, Carpiquet', 'LFRK', 'CFR', 'FR', 'France'),
(962, 'Campbeltown, Machrihanish', 'EGEC', 'CAL', 'GB', 'United Kingdom'),
(963, 'Nimes, Garons', 'LFTW', 'FNI', 'FR', 'France'),
(964, 'Alamogordo, Holloman AFB', 'KHMN', 'HMN', 'US', 'United States of America'),
(965, 'El Paso, El Paso International Airport', 'KELP', 'ELP', 'US', 'United States of America'),
(966, 'Norfolk, Norfolk International Airport', 'KORF', 'ORF', 'US', 'United States of America'),
(967, 'Kunming', 'ZPPP', 'KMG', 'CN', 'China, People\'s Rep. of'),
(968, 'Inishmaian', '    ', 'IIA', 'IE', 'Ireland'),
(969, 'Olbia,Sardinia', 'LIEO', 'OLB', 'IT', 'Italy'),
(970, 'lgarka', '    ', 'IAA', 'XU', 'Russian Federation (in Asia)'),
(971, 'Dangriga', '    ', 'DGA', 'BZ', 'Belize'),
(972, 'Defiance, Defiance Memorial Airport', 'KDFI', 'DFI', 'US', 'United States of America'),
(973, 'White Sands, Condron AAF', 'KWSD', 'WSD', 'US', 'United States of America'),
(974, 'Jolon, Hunter AAF', 'KHGT', 'HGT', 'US', 'United States of America'),
(975, 'La Paz, Leon', 'MMLP', 'LAP', 'MX', 'Mexico'),
(976, 'Kitoi Bay, SPB', 'KKKB', 'KKB', 'US', 'United States of America'),
(977, 'Artigas', '    ', 'ATI', 'UY', 'Uruguay'),
(978, 'Hughenden', '    ', 'HGD', 'AU', 'Australia'),
(979, 'Iaura', '    ', 'IAU', 'PG', 'Papua New Guinea'),
(980, 'Ottawa, Macdonald-Cartier International Airport', 'CYOW', 'YOW', 'CA', 'Canada'),
(981, 'Esbjerg', 'EKEB', 'EBJ', 'DK', 'Denmark'),
(982, 'Smithers, B. C.', 'CYYD', 'YYD', 'CA', 'Canada'),
(983, 'Safia', '    ', 'SFU', 'PG', 'Papua New Guinea'),
(984, 'Coto 47', '    ', 'OTR', 'CR', 'Costa Rica'),
(985, 'Paamiut', '    ', 'JFR', 'GL', 'Greenland'),
(986, 'Kabaiega Falls', '    ', 'KBG', 'UG', 'Uganda'),
(987, 'Blue Canyon ', 'KBLU', 'BLU', 'US', 'United States of America'),
(988, 'Kavala, Megas Alexandros International Airport', 'LGKV', 'KVA', 'GR', 'Greece'),
(989, 'Charleston', 'KCHS', 'CHS', 'US', 'United States of America'),
(990, 'Kansas City Downtown Airport', 'KMKC', 'MKC', 'US', 'United States of America'),
(991, 'In Amenas', 'DAUZ', 'IAM', 'DZ', 'Algeria'),
(992, 'Atar, Mouakchott', 'GQPA', 'ATR', 'MR', 'Mauritania'),
(993, 'Wichita, Mcconnell AFB', 'KIAB', 'IAB', 'US', 'United States of America'),
(994, 'Korhogo', 'DIKO', 'HGO', 'CL', 'Cote D\'lvoire'),
(995, 'Kapuskasing', 'CYYU', 'YYU', 'CA', 'Canada'),
(996, 'Nalchik', 'URMN', 'NAL', 'XU', 'Russian Federation (in Asia)'),
(997, 'Beatrice, Beatrice Municipal Airport', 'KBIE', 'BIE', 'US', 'United States of America'),
(998, 'Attu Island, Casco Cove', 'KATU', 'ATU', 'US', 'United States of America'),
(999, 'Orpheus Island Resort, Waterport', '    ', 'ORS', 'AU', 'Australia'),
(1000, 'Dunk Island', '    ', 'DKI', 'AU', 'Australia'),
(1001, 'Akron/Canton, Akron-Canton Regional Airport', 'KCAK', 'CAK', 'US', 'United States of America'),
(1002, 'Tree Point, Coast Guard Heliport', 'KTRP', 'TRP', 'US', 'United States of America'),
(1003, 'Tokyo, Yokota AFB', 'RJTY', 'OKO', 'JP', 'Japan'),
(1004, 'Ciudad Guayana', '    ', 'CGU', 'VE', 'Venezuela'),
(1005, 'Karlovy Vari', 'LKKV', 'KLV', 'CZ', 'Czech Republic'),
(1006, 'San Ignacio, Matthew Spain Airport', '    ', 'SQS', 'BZ', 'Belize'),
(1007, 'Athens, Ohio University', 'KATO', 'ATO', 'US', 'United States of America'),
(1008, 'Ishurdi', 'VGIS', 'IRD', 'BD', 'Bangladesh'),
(1009, 'Helgoland', '    ', 'HGL', 'DE', 'Germany'),
(1010, 'Yorketown', '    ', 'ORR', 'AU', 'Australia'),
(1011, 'Dodge City, Dodge City Regional Airport', 'KDDC', 'DDC', 'US', 'United States of America'),
(1012, 'Armstrong', 'CYYW', 'YYW', 'CA', 'Canada'),
(1013, 'Agostino Neto', 'FCPP', 'PNR', '  ', 'Congo (Democratic Rep.)'),
(1014, 'Andrews - Air Force Base ', 'KADW', 'ADW', 'US', 'United States of America'),
(1015, 'Delta', 'KDTA', 'DTA', 'US', 'United States of America'),
(1016, 'Franklin, Chess-Lambertin', 'KFKL', 'FKL', 'US', 'United States of America'),
(1017, 'Daugo', '    ', 'DGG', 'PG', 'Papua New Guinea'),
(1018, 'Wrigley, Wrigley Airport', 'CYWY', 'YWY', 'CA', 'Canada'),
(1019, 'Maribor', 'LJMB', 'MBX', 'SI', 'Slovenia'),
(1020, 'Saratov, Tsentralny Airport', 'UWSS', 'RTW', 'XU', 'Russian Federation (in Asia)'),
(1021, 'Big Bay Yacht Club', 'CYYA', 'YYA', 'CA', 'Canada'),
(1022, 'Ourilandia', '    ', 'OIA', 'BR', 'Brazil'),
(1023, 'Hatanga', '    ', 'HTG', 'XU', 'Russian Federation (in Asia)'),
(1024, 'Orange Walk', '    ', 'ORZ', 'BZ', 'Belize'),
(1025, 'Denton, Denton Municipal Airport', 'KDTO', 'DTO', 'US', 'United States of America'),
(1026, 'Juanjui', '    ', 'JJI', 'PE', 'Peru'),
(1027, 'ldiofa', '    ', 'IDF', '  ', 'Congo (Democratic Rep.)'),
(1028, 'Wildwood, USAF Heliport', 'KWWS', 'WWS', 'US', 'United States of America'),
(1029, 'Ampara', '    ', 'ADP', 'LK', 'Sri Lanka'),
(1030, 'Dearborn, Hyatt Regency Heliport', 'KDEO', 'DEO', 'US', 'United States of America'),
(1031, 'Notodden', 'ENNO', 'NTB', 'NO', 'Norway'),
(1032, 'Kiffa', 'GQNF', 'KFA', 'MR', 'Mauritania'),
(1033, 'Joensuu', 'EFJO', 'JOE', 'FI', 'Finland'),
(1034, 'Pathos', 'LCPH', 'PFO', 'CY', 'Cyprus'),
(1035, 'Jyvaskyla', 'EFJY', 'JYV', 'FI', 'Finland'),
(1036, 'Kaiapit', '    ', 'KIA', 'PG', 'Papua New Guinea'),
(1037, 'Prado', '    ', 'PDF', 'BR', 'Brazil'),
(1038, 'Wagny', '    ', 'WGY', 'GA', 'Gabon'),
(1039, 'Gyor, Gyor-Per International Airport', 'LHPR', 'QGY', 'HU', 'Hungary'),
(1040, 'Victoria, Victoria International Airport', 'CYYJ', 'YYJ', 'CA', 'Canada'),
(1041, 'Mosjoen, Kjaerstad Airport', 'ENMS', 'MJF', 'NO', 'Norway'),
(1042, 'Afore', '    ', 'AFR', 'PG', 'Papua New Guinea'),
(1043, 'Aswan', 'HESN', 'ASW', 'EG', 'Egypt'),
(1044, 'Kouba', '    ', 'KDF', 'DZ', 'Algeria'),
(1045, 'Xi An, Xiguan', 'ZLSN', 'SIA', 'CN', 'China, People\'s Rep. of'),
(1046, 'Hibbing, Chisholm-Hibbing Airport', 'KHIB', 'HIB', 'US', 'United States of America'),
(1047, 'Churchill', 'CYYQ', 'YYQ', 'CA', 'Canada'),
(1048, 'Betou', 'FCOT', 'BTB', '  ', 'Congo (Democratic Rep.)'),
(1049, 'Pittsburgh, Pittsburgh International Airport', 'KPIT', 'PIT', 'US', 'United States of America'),
(1050, 'Nanking/Naniing, Lukou International Airport ', '    ', 'NKG', 'CN', 'China, People\'s Rep. of'),
(1051, 'Chickasha, Municipal Airport', 'KCHK', 'CHK', 'US', 'United States of America'),
(1052, 'Eia, Popondetta', '    ', 'EIA', 'PG', 'Papua New Guinea'),
(1053, 'Mooraberree', '    ', 'OOR', 'AU', 'Australia'),
(1054, 'Dubbo', 'YSDU', 'DBO', 'AU', 'Australia'),
(1055, 'Chaoyang, Chaoyang International Airport', '    ', 'CHG', 'CN', 'China, People\'s Rep. of'),
(1056, 'Cowley', 'CYYM', 'YYM', 'CA', 'Canada'),
(1057, 'Antsirabe', '    ', 'ATJ', 'MG', 'Madagascar'),
(1058, 'Lagunillas', '    ', 'LGY', 'VE', 'Venezuela'),
(1059, 'Sakaka Al Jouf ', '    ', 'AJF', 'SA', 'Saudi Arabia'),
(1060, 'Kariba', '    ', 'KAB', 'ZW', 'Zimbabwe'),
(1061, 'Cebu', '    ', 'CEB', 'PH', 'Philipines'),
(1062, 'Aachen', 'ETBA', 'AAH', 'DE', 'Germany'),
(1063, 'Lakenheath', 'EGUL', 'LKZ', 'GB', 'United Kingdom'),
(1064, 'Schwerin, Parchim Airport', 'EDOP', 'SZW', 'DE', 'Germany'),
(1065, 'Neustadt-Weinstrasse', '    ', 'ZOR', 'DE', 'Germany'),
(1066, 'Dunedin', 'NZDN', 'DUD', 'NZ', 'New Zeland'),
(1067, 'Gisborne', 'NZGS', 'GIS', 'NZ', 'New Zeland'),
(1068, 'Christchurch', 'NZCH', 'CHC', 'NZ', 'New Zeland'),
(1069, 'Great Harbour', '    ', 'GHC', 'BS', 'Bahamas'),
(1070, 'Boca Raton', 'KBCT', 'BCT', 'US', 'United States of America'),
(1071, 'Changsha', 'ZGCS', 'CSX', 'CN', 'China, People\'s Rep. of'),
(1072, 'Zhuhai', '    ', 'ZUH', 'CN', 'China, People\'s Rep. of'),
(1073, 'Humberside', 'EGNJ', 'HUY', 'GB', 'United Kingdom'),
(1074, 'Mzuzu', '    ', 'ZZU', 'MW', 'Malawi'),
(1075, 'Lilongwe, Kumuzu International Airport ', '    ', 'LLW', 'MW', 'Malawi'),
(1076, 'Blantyre, Chileka Airpor', '    ', 'BLZ', 'MW', 'Malawi'),
(1077, 'Likoma Island', '    ', 'LIX', 'MW', 'Malawi'),
(1078, 'Chelinda', '    ', 'CEH', 'MW', 'Malawi'),
(1079, 'Club Makokola', '    ', 'CMK', 'MW', 'Malawi'),
(1080, 'Dwangwa', '    ', 'DWA', 'MW', 'Malawi'),
(1081, 'Kasungu', '    ', 'KBQ', 'MW', 'Malawi'),
(1082, 'Karonga', '    ', 'KGJ', 'MW', 'Malawi'),
(1083, 'Salima', '    ', 'LMB', 'MW', 'Malawi'),
(1084, 'Mangochi', '    ', 'MAI', 'MW', 'Malawi'),
(1085, 'Monkey Bay', '    ', 'MYZ', 'MW', 'Malawi'),
(1086, 'Langkawi', 'WMKL', 'LGK', 'MY', 'Malaysia'),
(1087, 'Kangerlussuaq', '    ', 'SFJ', 'GL', 'Greenland'),
(1088, 'Anacories', 'KOTS', 'OTS', 'US', 'United States of America'),
(1089, 'Kiana, Bob Barker Memorial', 'KIAN', 'IAN', 'US', 'United States of America'),
(1090, 'Lansing', 'KLAN', 'LAN', 'US', 'United States of America'),
(1091, 'Frankfort', 'KFFT', 'FFT', 'US', 'United States of America'),
(1092, 'Lynn Lake', 'CYYL', 'YYL', 'CA', 'Canada'),
(1093, 'Ales', '    ', 'XAS', 'FR', 'France'),
(1094, 'Hamadan', '    ', 'HDM', 'IR', 'Iran (Islamic Rep. of)'),
(1095, 'Tamanrasset', 'DAAT', 'TMR', 'DZ', 'Algeria'),
(1096, 'Milan, Parma', '    ', 'PMF', 'IT', 'Italy'),
(1097, 'Sulaymaniyah, Sulaimaniyah International Airport ', 'ORSU', 'ISU', 'IQ', 'Irag'),
(1098, 'Wuhan', '    ', 'WUH', 'CN', 'China, People\'s Rep. of'),
(1099, 'Newark, Newark International Airport', 'KEWR', 'EWR', 'US', 'United States of America'),
(1100, 'Werizinou', '    ', 'WNZ', 'CN', 'China, People\'s Rep. of'),
(1101, 'Praia, Francisco Mendes Airport', '    ', 'RAI', 'CV', 'Cape Verde'),
(1102, 'Brava', '    ', 'BVR', 'CV', 'Cape Verde'),
(1103, 'Penticton', 'CYYF', 'YYF', 'CA', 'Canada'),
(1104, 'Cut Bank', 'KCTB', 'CTB', 'US', 'United States of America'),
(1105, 'False Pass', 'KKFR', 'KFR', 'US', 'United States of America'),
(1106, 'Halifax, Halifax International Airport', 'CYHZ', 'YHZ', 'CA', 'Canada'),
(1107, 'Sao Nicolau', '    ', 'SNE', 'CV', 'Cape Verde'),
(1108, 'Sal, Amilcar Cabral International Airport', '    ', 'SID', 'CV', 'Cape Verde'),
(1109, 'Boa Vista, Rabil Airport', '    ', 'BVC', 'CV', 'Cape Verde'),
(1110, 'Sao Vicente, San Pedro Airport', '    ', 'VXE', 'CV', 'Cape Verde'),
(1111, 'Maio, Vila Do Maio Airport', '    ', 'MMO', 'CV', 'Cape Verde'),
(1112, 'Mosteiros', '    ', 'MTI', 'CV', 'Cape Verde'),
(1113, 'Santo Antao', '    ', 'NTO', 'CV', 'Cape Verde'),
(1114, 'Sao Filipe', '    ', 'SFL', 'CV', 'Cape Verde'),
(1115, 'Budapest ACC', 'LHCC', '   ', 'HU', 'Hungary'),
(1116, 'Portland', '    ', 'PTJ', 'AU', 'Australia'),
(1117, 'Adrar', 'DAUA', 'AZR', 'DZ', 'Algeria'),
(1118, 'Goose Bay ', 'CYYR', 'YYR', 'CA', 'Canada'),
(1119, 'Heathlands', '    ', 'HAT', 'AU', 'Australia'),
(1120, 'Harrisburg', 'KHAR', 'HAR', 'US', 'United States of America'),
(1121, 'Moreton', '    ', 'MET', 'AU', 'Australia'),
(1122, 'Eskisehir', 'LTBI', 'ESK', 'TR', 'Turkey'),
(1123, 'Santa Teresita', '    ', 'SST', 'AR', 'Argentina'),
(1124, 'Cuito Cuanavale', '    ', 'CTI', 'AO', 'Angola'),
(1125, 'Cabinda', 'FNCA', 'CAB', 'AO', 'Angola'),
(1126, 'Burlington, Burlington Regional Airport', 'KBRL', 'BRL', 'US', 'United States of America'),
(1127, 'Sibiu', 'LRSB', 'SBZ', 'RO', 'Romania'),
(1128, 'Mainz', 'EDFZ', 'QMZ', 'DE', 'Germany'),
(1129, 'Brownsville, South Padre Island International Airp', 'KBRO', 'BR0', 'US', 'United States of America'),
(1130, 'Liangping', '    ', 'LIA', 'CN', 'China, People\'s Rep. of'),
(1131, 'Laoag, Laoag International Airport ', '    ', 'LAO', 'PH', 'Philipines'),
(1132, 'St Anthony', 'CYAY', 'YAY', 'CA', 'Canada'),
(1133, 'Cambridge', 'EGSC', 'CBG', 'GB', 'United Kingdom'),
(1134, 'Curacao, Hato International Airport', 'TNCC', 'CUR', 'AN', 'Netherlands Antilles'),
(1135, 'Drummondville', '    ', 'XDM', 'CA', 'Canada'),
(1136, 'Merimbula', '    ', 'MIM', 'AU', 'Australia'),
(1137, 'Aitape, Airstrip', '    ', 'ATP', 'PG', 'Papua New Guinea'),
(1138, 'Ada', 'KADT', 'ADT', 'US', 'United States of America'),
(1139, 'St Eustatius, F D Roosevelt InternationalAirport', 'TNCE', 'EUX', 'AN', 'Netherlands Antilles'),
(1140, 'Bonaire, Flamingo International Airport', 'TNCB', 'BON', 'AN', 'Netherlands Antilles'),
(1141, 'Saba Island, J. Yrausquin International Airport', 'TNCS', 'SAB', 'AN', 'Netherlands Antilles'),
(1142, 'St Maarten, Princess Juliana International  Airpor', 'TNCM', 'SXM', 'AN', 'Netherlands Antilles'),
(1143, 'Lalomalava', '    ', 'LAV', 'WS', 'Samoa'),
(1144, 'Rouyn-Noranda ', 'CYUY', 'YUY', 'CA', 'Canada'),
(1145, 'Metz, Frescaty', 'LFSF', 'MZM', 'FR', 'France'),
(1146, 'Toulon, Hyeres', '    ', 'TLN', 'FR', 'France'),
(1147, 'Annecy', '    ', 'NCY', 'FR', 'France'),
(1148, 'La Rochelle, Laleu', 'LFBH', 'LRH', 'FR', 'France'),
(1149, 'Amiens, Glisy', 'LFAY', 'QAM', 'FR', 'France'),
(1150, 'Dinard, Pleurtuit', 'LFRD', 'DNR', 'FR', 'France'),
(1151, 'Ningbo, Lishe International Airport ', '    ', 'NGB', 'CN', 'China, People\'s Rep. of'),
(1152, 'Dalian', 'ZYTL', 'DLC', 'CN', 'China, People\'s Rep. of'),
(1153, 'Nis, Constantine The Great International Airport', 'LYNI', 'INI', 'RS', 'Serbia'),
(1154, 'Norrkoping, Kungsangen International Airport', 'ESSP', 'NRK', 'SE', 'Sweden'),
(1155, 'Ronchi Dei Legionari', 'LIPQ', 'TRS', 'IT', 'Italy'),
(1156, 'Akioujt', 'GQNJ', 'AJJ', 'MR', 'Mauritania'),
(1157, 'Latrobe', '    ', 'LTB', 'AU', 'Australia'),
(1158, 'Hami', 'ZWHM', 'HMI', 'CN', 'China, People\'s Rep. of'),
(1159, 'Haikou', 'ZGHK', 'HAK', 'CN', 'China, People\'s Rep. of'),
(1160, 'Lakeba', 'NFNK', 'LKB', 'FJ', 'Fiji'),
(1161, 'Katiola', '    ', 'KTC', 'CL', 'Cote D\'lvoire'),
(1162, 'Jambol', '    ', 'JAM', 'BG', 'Bulgaria'),
(1163, 'Koro Island ', 'NFNO', 'KXF', 'FJ', 'Fiji'),
(1164, 'Bitam', 'FOOB', 'BMM', 'GA', 'Gabon'),
(1165, 'Haskovo', '    ', 'HKV', 'BG', 'Bulgaria'),
(1166, 'Kardjali', '    ', 'KDG', 'BG', 'Bulgaria'),
(1167, 'Pleven', '    ', 'PVN', 'BG', 'Bulgaria'),
(1168, 'Vraidebria', '    ', 'QVJ', 'BG', 'Bulgaria'),
(1169, 'Silistra', '    ', 'SLS', 'BG', 'Bulgaria'),
(1170, 'Sogndal, Haukasen', '    ', 'SOG', 'NO', 'Norway'),
(1171, 'Targovishte', '    ', 'TGV', 'BG', 'Bulgaria'),
(1172, 'Vidin', '    ', 'VID', 'BG', 'Bulgaria'),
(1173, 'Potsdam', '    ', 'XXP', 'DE', 'Germany'),
(1174, 'Chengdu', 'ZUUU', 'CTU', 'CN', 'China, People\'s Rep. of'),
(1175, 'Montpellier, Frejorgues', 'LFMT', 'MPL', 'FR', 'France'),
(1176, 'Shenyang', 'ZYTX', 'SHE', 'CN', 'China, People\'s Rep. of'),
(1177, 'Changchun', 'ZYCC', 'CGQ', 'CN', 'China, People\'s Rep. of'),
(1178, 'Osaka', '    ', 'OSA', 'JP', 'Japan'),
(1179, 'Djambala', 'FCBD', 'DJM', '  ', 'Congo (Democratic Rep.)'),
(1180, 'Malma', '    ', 'MJH', 'SA', 'Saudi Arabia'),
(1181, 'Kumasi', 'DGSI', 'KMS', 'GH', 'Ghana'),
(1182, 'Petersburg', 'KPTB', 'PTB', 'US', 'United States of America'),
(1183, 'Bari, Palese Macchie', 'LIBD', 'BRI', 'IT', 'Italy'),
(1184, 'Morotai Island', '    ', 'OTI', 'ID', 'Indonesia'),
(1185, 'Antlers', 'KATE', 'ATE', 'US', 'United States of America'),
(1186, 'Frankfurt, Rhein-Main AFB', 'EDOL', 'FRF', 'DE', 'Germany'),
(1187, 'Vicenza', 'LIPT', 'VIC', 'IT', 'Italy'),
(1188, 'Otu', '    ', 'OTU', 'CO', 'Colombia'),
(1189, 'Pescara', 'PSR ', 'PSR', 'IT', 'Italy'),
(1190, 'Guari', '    ', 'GUG', 'PG', 'Papua New Guinea'),
(1191, 'Green River', '    ', 'GVI', 'PG', 'Papua New Guinea'),
(1192, 'Quincemil', '    ', 'UMI', 'PE', 'Peru'),
(1193, 'Cajamarca', 'SPJR', 'CJA', 'PE', 'Peru'),
(1194, 'Wapenamanda', 'AYWD', 'WBM', 'PG', 'Papua New Guinea'),
(1195, 'Natal, Augusto Severo Airport', 'SBNT', 'NAT', 'BR', 'Brazil'),
(1196, 'Oran', 'SASO', 'ORA', 'AR', 'Argentina'),
(1197, 'Dedougou', 'DFOD', 'DGU', 'BF', 'Burkina Faso'),
(1198, 'Maiduguri', 'DNMA', 'MIU', 'NG', 'Nigeria'),
(1199, 'Jaipur Airport', 'VIJP', 'JAI', 'IN', 'India'),
(1200, 'Leo', 'DFCL', 'XLU', 'BF', 'Burkina Faso'),
(1201, 'Bally Kelly', 'EGQB', 'BOL', 'GB', 'United Kingdom'),
(1202, 'Leconi', '    ', 'LEO', 'GA', 'Gabon'),
(1203, 'Sishen', '    ', 'SIS', 'ZA', 'South Africa'),
(1204, 'Bordj Badji Mokhtar', '    ', 'BMW', 'DZ', 'Algeria'),
(1205, 'Boussaada', 'DAAD', 'BUJ', 'DZ', 'Algeria'),
(1206, 'Chongqing, Chongqing Jiangbei International Airpor', '    ', 'CKG', 'CN', 'China, People\'s Rep. of'),
(1207, 'Zhengzhou', 'ZHCC', 'CGO', 'CN', 'China, People\'s Rep. of'),
(1208, 'Arsuk', '    ', 'JRK', 'GL', 'Greenland'),
(1209, 'Chita', '    ', 'HTA', 'RU', 'Russian Federation (in Europe)'),
(1210, 'Orapa', 'FBOR', 'ORP', 'BW', 'Botswana'),
(1211, 'Dael, Naga ', '    ', 'DTE', 'PH', 'Philipines'),
(1212, 'Malmo, Malmo South Railway ', '    ', 'XFR', 'SE', 'Sweden'),
(1213, 'Alamos', '    ', 'XAL', 'MX', 'Mexico'),
(1214, 'Gaya', '    ', 'GAY', 'IN', 'India'),
(1215, 'Djelfa', 'DAFI', 'QDJ', 'DZ', 'Algeria'),
(1216, 'Belfast', 'EGAC', 'BHD', 'GB', 'United Kingdom'),
(1217, 'Barra', 'EGPR', 'BRR', 'GB', 'United Kingdom'),
(1218, 'Oban', 'EGEO', 'OBN', 'GB', 'United Kingdom'),
(1219, 'Manus Island', 'AYMO', 'MAS', 'PG', 'Papua New Guinea'),
(1220, 'Hall Beach', 'CYUX', 'YUX', 'CA', 'Canada'),
(1221, 'Baoshan', '    ', 'BSD', 'CN', 'China, People\'s Rep. of'),
(1222, 'Conselheiro Lafaiete', '    ', 'QDF', 'BR', 'Brazil'),
(1223, 'San Juan, San Juan SPB', 'KWSJ', 'WSJ', 'US', 'United States of America'),
(1224, 'Saenz Pena ', '    ', 'SZQ', 'AR', 'Argentina'),
(1225, 'Curuzu Cuatia ', 'SATU', 'UZU', 'AR', 'Argentina'),
(1226, 'Villa Gesell, El Vigia ', 'SAZV', 'VIG', 'AR', 'Argentina'),
(1227, 'Chiang Mai, Chiang Mai International Airport', 'VTCC', 'CNX', 'TH', 'Thailand'),
(1228, 'Zaranj', 'OAZJ', 'ZAJ', 'AF', 'Afghanistan'),
(1229, 'Illizi', 'DAAP', 'VVZ', 'DZ', 'Algeria'),
(1230, 'Jinan', 'ZSTN', 'TNA', 'CN', 'China, People\'s Rep. of'),
(1231, 'Nagpur', '    ', 'NAG', 'IN', 'India'),
(1232, 'Du Bois', 'KDUJ', 'DUJ', 'US', 'United States of America'),
(1233, 'Frenchville', 'KWF ', 'WFK', 'US', 'United States of America'),
(1234, 'Blytheville, Blytheville Municipal Airport', 'KHKA', 'HKA', 'US', 'United States of America'),
(1235, 'Columbus, Port Columbus International Airport', 'KCMH', 'CMH', 'US', 'United States of America'),
(1236, 'Dukuduk', '    ', 'DUK', 'ZA', 'South Africa'),
(1237, 'Enschede', 'EHTW', 'ENS', 'NL', 'Netherlands'),
(1238, 'Corpus Christi', 'KCUX', 'CUX', 'US', 'United States of America'),
(1239, 'Biskra', 'DAUB', 'BSK', 'DZ', 'Algeria'),
(1240, 'Montreal, Mirabel', 'CYMX', 'YMX', 'CA', 'Canada'),
(1241, 'Essen', 'EDZE', 'ESS', 'DE', 'Germany'),
(1242, 'Hakodate', 'RJCH', 'HKD', 'JP', 'Japan'),
(1243, 'Anta', '    ', 'ATA', 'PE', 'Peru'),
(1244, 'South Caicos, South Caicos International Airport', '    ', 'XSC', 'TC', 'Turks amd Caicos Islands'),
(1245, 'Niuatoputapu, Kuini Lavenia International Airport', '    ', 'NTT', 'TO', 'Tonga'),
(1246, 'Butaritari', 'NGTU', 'BBG', 'KI', 'Kiribati'),
(1247, 'Gala, Military Airport', 'UBBO', '   ', 'AZ', 'Azerbaijan'),
(1248, 'Bushehr', 'OIBB', 'BUZ', 'IR', 'Iran (Islamic Rep. of)'),
(1249, 'Yoro', 'MHYR', 'ORO', 'HN', 'Honduras'),
(1250, 'Great Bear Lake', '    ', 'DAS', 'CA', 'Canada'),
(1251, 'Halah', '    ', 'HAL', 'NA', 'Namibia'),
(1252, 'Zweibrücken Airport ', 'EDRZ', 'ZQR', 'DE', 'Germany'),
(1253, 'Balad Southeast Airport/Al Bakr', 'ORBD', 'XQC', 'IQ', 'Irag'),
(1254, 'Irkutsk-2', 'UIIR', '   ', 'XU', 'Russian Federation (in Asia)'),
(1255, 'San Felipe', '    ', 'SSD', 'CO', 'Colombia'),
(1256, 'Tibu', '    ', 'TIB', 'CO', 'Colombia'),
(1257, 'Tolu', '    ', 'TLU', 'CO', 'Colombia'),
(1258, 'Savannah', '    ', 'SAV', 'US', 'United States of America'),
(1259, 'Yangon', 'VYYY', 'RGN', 'MM', 'Myanmar'),
(1260, 'Nairobi. Jorno Kenyatta International Airport', '    ', 'NBO', 'KE', 'Kenya'),
(1261, 'Osh', 'UAFO', 'OSS', 'KG', 'Kyrgyzstan'),
(1262, 'Santa Cruz Do Sul', '    ', 'CSU', 'BR', 'Brazil'),
(1263, 'Colorado do Oeste', '    ', 'CSW', 'BR', 'Brazil'),
(1264, 'Grantsburg, Municipal Airport', 'KGTG', 'GTG', 'US', 'United States of America'),
(1265, 'Debra Marcos', '    ', 'DBM', 'ET', 'Ethiopia'),
(1266, 'Hay', '    ', 'HXX', 'AU', 'Australia'),
(1267, 'Tikrit/Al Sahra', 'ORSH', 'TIK', 'IQ', 'Irag'),
(1268, 'Britrail Rail Zone A', '    ', 'QQA', 'GB', 'United Kingdom'),
(1269, 'Subic Bay, Subic Bay International Airport', '    ', 'SFS', 'PH', 'Philipines'),
(1270, 'Oban', '    ', 'OBA', 'AU', 'Australia'),
(1271, 'Atoifi', '    ', 'ATD', 'SB', 'Solomon Islands '),
(1272, 'St. Lucia', '    ', 'SLU', 'LC', 'St. Lucia'),
(1273, 'Doncaster, Sheffield - Robin Hood Intl. Airport', 'EGCN', 'DSA', 'GB', 'United Kingdom'),
(1274, 'Spring Creek', '    ', 'SCG', 'AU', 'Australia'),
(1275, 'Florence', 'KMSL', 'MSL', 'US', 'United States of America'),
(1276, 'Punta Gorda', 'KPGD', 'PGD', 'US', 'United States of America'),
(1277, 'Westerly', 'KWST', 'WST', 'US', 'United States of America'),
(1278, 'Tiaret', '    ', 'TID', 'DZ', 'Algeria'),
(1279, 'Horta', 'LPHR', 'HOR', 'PT', 'Portugal'),
(1280, 'Rahim Yar Khan', 'OPRK', 'RYK', 'PK', 'Pakistan'),
(1281, 'Vojens', 'EKSP', 'SKS', 'DK', 'Denmark'),
(1282, 'Rybinsk', '    ', 'RYB', 'RU', 'Russian Federation (in Europe)'),
(1283, 'Maputo', '    ', 'MPM', 'MZ', 'Mozambigue'),
(1284, 'Maracaibo', '    ', 'MAR', 'VE', 'Venezuela'),
(1285, 'Sumeneo', '    ', 'SUP', 'ID', 'Indonesia'),
(1286, 'Southern Pines', 'KSOP', 'SOP', 'US', 'United States of America'),
(1287, 'Stephenville, Clark Field Municipal Airport', 'KSEP', 'SEP', 'US', 'United States of America'),
(1288, 'Taldy-Kurgan', 'UAAT', 'TDK', 'KZ', 'Kazakhstan'),
(1289, 'Tlemcen, Zenata', '    ', 'TLM', 'DZ', 'Algeria'),
(1290, 'Bejaia', 'DAAE', 'BJA', 'DZ', 'Algeria'),
(1291, 'San Antonio, San Antonio International Airport', 'KSAT', 'SAT', 'US', 'United States of America'),
(1292, 'Sumbawanga', 'HTSU', 'SUT', 'TZ', 'Tanzania'),
(1293, 'San Esteban', '    ', 'SET', 'HN', 'Honduras'),
(1294, 'Seo de Urgel, Airoport De La Seu', 'LESU', 'LEU', 'ES', 'Spain and Canari Islands'),
(1295, 'Tehachapi', 'KTSP', 'TSP', 'US', 'United States of America'),
(1296, 'Mboki', '    ', 'MKI', 'CF', 'Central African Republic'),
(1297, 'Kanzas', 'KMCI', 'MCI', 'US', 'United States of America'),
(1298, 'Batman', 'LTCJ', 'BAL', 'TR', 'Turkey'),
(1299, 'Bella Yella', '    ', 'BYL', 'LR', 'Liberia'),
(1300, 'Foya', '    ', 'FOY', 'LR', 'Liberia'),
(1301, 'Reus', 'LERS', 'REU', 'ES', 'Spain and Canari Islands'),
(1302, 'Hefei', 'ZSOF', 'HFE', 'CN', 'China, People\'s Rep. of'),
(1303, 'Funter Bay', 'KFNR', '   ', 'US', 'United States of America'),
(1304, 'Bradford', '    ', 'BRF', 'GB', 'United Kingdom'),
(1305, 'Libreville', 'FOOL', 'LBV', 'GA', 'Gabon'),
(1306, 'Nashville, Nashville International Airport', 'KBNA', 'BNA', 'US', 'United States of America'),
(1307, 'Forest Park, Morris AAF', 'KFOP', 'FOP', 'US', 'United States of America'),
(1308, 'Kon', '    ', 'KCI', 'ID', 'Indonesia'),
(1309, 'Athena', 'LGEL', '   ', 'GR', 'Greece'),
(1310, 'Seville', 'LEZL', 'SVQ', 'ES', 'Spain and Canari Islands'),
(1311, 'Valence', 'LFLU', 'VAF', 'FR', 'France'),
(1312, 'Nanchang', '    ', 'KHN', 'CN', 'China, People\'s Rep. of'),
(1313, 'Angel Fire', 'KAXX', 'AXX', 'US', 'United States of America'),
(1314, 'Makurdi', 'DNMK', 'MDI', 'NG', 'Nigeria'),
(1315, 'Jos', 'DNJO', 'JOS', 'NG', 'Nigeria'),
(1316, 'Port Harcourt', 'DNPO', 'PHC', 'NG', 'Nigeria'),
(1317, 'Minna', 'DNMN', 'MXJ', 'NG', 'Nigeria'),
(1318, 'Abuja', 'DNAA', 'ABV', 'NG', 'Nigeria'),
(1319, 'Akure', 'DNAK', 'AKR', 'NG', 'Nigeria'),
(1320, 'Titusville, Florida', 'KTTS', 'TTS', 'US', 'United States of America'),
(1321, 'Ushuaia,  Islas Malvinas Airport', 'SAWH', 'USH', 'AR', 'Argentina'),
(1322, 'St Louis, Spirit Of St Louis Airport', 'KSUS', 'SUS', 'US', 'United States of America'),
(1323, 'Sembach', 'ETAS', 'SEX', 'DE', 'Germany'),
(1324, 'Ilo', '    ', 'ILQ', 'PE', 'Peru'),
(1325, 'Islay, Glenegedaie Airport', 'EGPI', 'ILY', 'GB', 'United Kingdom'),
(1326, 'Reno, Nevada', '    ', 'RNO', 'US', 'United States of America'),
(1327, 'Lydd', 'EGMD', 'LYX', 'GB', 'United Kingdom'),
(1328, 'Mende, Brenoux', 'LFNB', 'MEN', 'FR', 'France'),
(1329, 'London, Southend  Municipal Airport', 'EGMC', 'SEN', 'GB', 'United Kingdom'),
(1330, 'Buenaventura', '    ', 'BUN', 'CO', 'Colombia'),
(1331, 'Bozoum', '    ', 'BOZ', 'CF', 'Central African Republic'),
(1332, 'Brest', 'LFRB', 'BES', 'FR', 'France'),
(1333, 'Celle', 'ETHC', 'ZCN', 'DE', 'Germany'),
(1334, 'Nulato', 'KNUL', 'NUL', 'US', 'United States of America'),
(1335, 'Avoriaz', '    ', 'AVF', 'FR', 'France'),
(1336, 'Tikrit', 'ORTS', '   ', 'IQ', 'Irag'),
(1337, 'Port Gentil', '    ', 'POG', 'GA', 'Gabon'),
(1338, 'Kulyab, Kulob Airport', 'UTDK', 'TJU', 'TJ', 'Tajikistan'),
(1339, 'Artesia', 'KATS', 'ATS', 'US', 'United States of America'),
(1340, 'Skagway', 'KSGY', 'SGY', 'US', 'United States of America'),
(1341, 'San Julian, San Julian Aerodrome', 'SAWJ', 'ULA', 'AR', 'Argentina'),
(1342, 'Selibaby', '    ', 'SEY', 'MR', 'Mauritania'),
(1343, 'Wedjh', 'OEWJ', 'EJH', 'SA', 'Saudi Arabia'),
(1344, 'Atmautluak', 'KATT', 'ATT', 'US', 'United States of America'),
(1345, 'Danville, Danville Regional Airport', 'KDAN', 'DAN', 'US', 'United States of America'),
(1346, 'Kish Island', 'OIBK', 'KIH', 'IR', 'Iran (Islamic Rep. of)'),
(1347, 'Wuxi', '    ', 'WUX', 'CN', 'China, People\'s Rep. of'),
(1348, 'Conacry', '    ', 'CKY', 'GN', 'Guinea'),
(1349, 'Shantou', 'ZGOW', 'SWA', 'CN', 'China, People\'s Rep. of'),
(1350, 'Omaha, Eppley Airfield', 'KOMA', 'OMA', 'US', 'United States of America'),
(1351, 'Leeds Bradford', 'EGNM', 'LBA', 'GB', 'United Kingdom'),
(1352, 'Yantai', '    ', 'YNT', 'CN', 'China, People\'s Rep. of'),
(1353, 'Chemnitz', '    ', 'ZTZ', 'DE', 'Germany'),
(1354, 'Birmingham, Birmingham International Airport', 'KBHM', 'BHM', 'US', 'United States of America'),
(1355, 'Watertown, Watertown Municipal Airport', 'KATY', 'ATY', 'US', 'United States of America'),
(1356, 'Perpignan, Llabanere', 'LFMP', 'PGF', 'FR', 'France'),
(1357, 'Beja', 'LPBJ', 'BEJ', 'PT', 'Portugal'),
(1358, 'Zagatala', 'UBBY', 'ZTU', 'AZ', 'Azerbaijan'),
(1359, 'Holguin, Frank Pais International Airport', 'MUHG', 'HOG', 'CU', 'Cuba'),
(1360, 'Garrow Lake', '    ', 'GOW', 'CA', 'Canada'),
(1361, 'Bitburg, Bitburg Air Base', '    ', 'BBJ', 'DE', 'Germany'),
(1362, 'Tabuk', 'OETB', 'TUU', 'AE', 'United Arab Emirates'),
(1363, 'Suzhou', '    ', 'SZV', 'CN', 'China, People\'s Rep. of'),
(1364, 'Colorado Spring', 'KCOS', 'COS', 'US', 'United States of America'),
(1365, 'San Juan, Luis Munciz Marin International Airport', 'TJSJ', 'SJU', 'PR', 'Puerto Rico'),
(1366, 'Laage', 'RLG ', '   ', 'DE', 'Germany'),
(1367, 'Bremerhaven', '    ', 'BRV', 'DE', 'Germany'),
(1368, 'Addis Abeba', 'HAAB', 'ADD', 'ET', 'Ethiopia'),
(1369, 'Erkilet Airport, Kayseri', 'LTAU', 'ASR', 'TR', 'Turkey'),
(1370, 'Terrell', 'KTRL', 'TRL', 'US', 'United States of America'),
(1371, 'Aishaiton', '    ', 'AHL', 'GY', 'Guyana'),
(1372, 'Salida', 'KSLT', 'SLT', 'US', 'United States of America'),
(1373, 'Sliac', 'LZSL', 'SLD', 'SI', 'Slovenia'),
(1374, 'Kwailabesi', '    ', 'KWS', 'SB', 'Solomon Islands '),
(1375, 'Balalae', 'AGGE', 'BAS', 'SB', 'Solomon Islands '),
(1376, 'Munda', 'AGGM', 'MUA', 'SB', 'Solomon Islands '),
(1377, 'Santa Cruz', 'AGGL', 'SCZ', 'SB', 'Solomon Islands '),
(1378, 'Mmabatho', 'FAMM', 'MBD', 'ZA', 'South Africa'),
(1379, 'Bloemfontein', 'FABL', 'BFN', 'ZA', 'South Africa'),
(1380, 'Port Saint Johns', 'FAPJ', 'JOH', 'ZA', 'South Africa'),
(1381, 'Kimberley', 'FAKM', 'KIM', 'ZA', 'South Africa'),
(1382, 'Newcastle', 'FANC', 'NCS', 'ZA', 'South Africa'),
(1383, 'Nelspruit', 'FANS', 'NLP', 'ZA', 'South Africa'),
(1384, 'Ouctshoorn', 'FAOH', 'OUH', 'ZA', 'South Africa'),
(1385, 'Phalaborwa', 'FAPH', 'PHW', 'ZA', 'South Africa'),
(1386, 'Cincinnati', 'KLUK', 'LUK', 'US', 'United States of America'),
(1387, 'Harbin', '    ', 'HRB', 'CN', 'China, People\'s Rep. of'),
(1388, 'Basse Terre', '    ', 'BBR', 'GP', 'Guadeloupe iIncluding St. Barthelemy and Northern '),
(1389, 'Blackbushe', 'EGLK', 'BBS', 'GB', 'United Kingdom'),
(1390, 'Bembridge', 'EGHJ', 'BBP', 'GB', 'United Kingdom'),
(1391, 'Pretoria', 'FAWB', 'PRY', 'ZA', 'South Africa'),
(1392, 'Guayaquil, Simon Bolivar International Airport', '    ', 'GYE', 'EQ', 'Ecuador'),
(1393, 'Xingning', 'ZGXN', 'XIN', 'CN', 'China, People\'s Rep. of'),
(1394, 'Lankoran', 'UBBL', 'LLK', 'AZ', 'Azerbaijan'),
(1395, 'Raleugh-Durham', 'KRDU', 'RDU', 'US', 'United States of America'),
(1396, 'Kelsterbach', '    ', 'QLH', 'DE', 'Germany'),
(1397, 'Aiambak', '    ', 'AIH', 'PG', 'Papua New Guinea'),
(1398, 'Wichita', 'KICT', 'ICT', 'US', 'United States of America'),
(1399, 'Stuttgart, Rail Station', '    ', 'ZWS', 'DE', 'Germany'),
(1400, 'Adiyaman', 'ADF ', '   ', 'TR', 'Turkey'),
(1401, 'Ottawa Carp Airport', 'CYRP', 'YRP', 'CA', 'Canada'),
(1402, 'Al Khor ', 'OTBK', '   ', 'QA', 'Qatar'),
(1403, 'Brest', 'UMBB', 'BQT', 'BY', 'Belarus'),
(1404, 'Chakcharan Airport', 'OACC', 'CCN', 'AF', 'Afghanistan'),
(1405, 'Detroit', 'KDTT', 'DTT', 'US', 'United States of America'),
(1406, 'Entebbe Intl Airport', 'HUEN', 'EBB', 'UG', 'Uganda'),
(1407, 'Klagenfurt', 'LOWK', 'KLU', 'AT', 'Austria'),
(1408, 'Huntsville', 'KHSV', 'HSV', 'US', 'United States of America'),
(1409, 'Boronowichi', 'XMMA', '   ', 'BY', 'Belarus'),
(1410, 'Turku', 'EFTU', 'TKU', 'FI', 'Finland'),
(1411, 'Kulik Lake', 'KLKK', 'LKK', 'US', 'United States of America'),
(1412, 'Oberhausen', '    ', 'ZOY', 'DE', 'Germany'),
(1413, 'Tucson', 'KTUS', 'TUS', 'US', 'United States of America'),
(1414, 'Ozar', 'VAOZ', 'ISK', 'IN', 'India'),
(1415, 'Townsville', '    ', 'TSV', 'AU', 'Australia'),
(1416, 'Osnabrueck', '    ', 'ZPE', 'DE', 'Germany'),
(1417, 'Chandigarh', 'VICG', 'IXC', 'IN', 'India'),
(1418, 'Nanjing', '    ', 'NGK', 'CN', 'China, People\'s Rep. of'),
(1419, 'Monrovia', '    ', 'MLW', 'LR', 'Liberia'),
(1420, 'Angara', '    ', 'NGR', 'AZ', 'Azerbaijan'),
(1421, 'Glasgow, Municipal Airport', 'KGLW', 'GLW', 'US', 'United States of America'),
(1422, 'Dijon', 'LFSD', 'DIJ', 'FR', 'France'),
(1423, 'Timisoara', 'LRTR', 'TSR', 'RO', 'Romania'),
(1424, 'Biairsville', 'KBSI', 'BSI', 'US', 'United States of America'),
(1425, 'Windsor Locks/Bradley Intl Airport', 'KBDL', 'BDL', 'US', 'United States of America'),
(1426, 'Bahrain, Sheik Isa Air base', 'OBBS', '   ', 'BH', 'Bahrain'),
(1427, 'Al Taqaddum Air Base', 'ORAT', 'TQD', 'IQ', 'Irag'),
(1428, 'Monterrey', 'MMMY', 'MTY', 'MX', 'Mexico'),
(1429, 'Tours', 'LFOT', 'TUF', 'FR', 'France'),
(1430, 'Debrecen', 'LHDC', 'DEB', 'HU', 'Hungary'),
(1431, 'Bristol', 'EGGD', 'BRS', 'GB', 'United Kingdom'),
(1432, 'Grand Forks, Grand Forks International Airport', 'KGFK', 'GFK', 'US', 'United States of America'),
(1433, 'Sitka', 'KSIT', 'SIT', 'US', 'United States of America'),
(1434, 'Campia Turzii, Air Force Base', 'LRCT', '   ', 'RO', 'Romania'),
(1435, 'Angus Downs', '    ', 'ANZ', 'AU', 'Australia'),
(1436, 'Lafayette', '    ', 'LAF', 'US', 'United States of America'),
(1437, 'Baden-Baden', '    ', 'ZCC', 'DE', 'Germany'),
(1438, 'Vigna Di Valle', 'LIRB', '   ', 'IT', 'Italy'),
(1439, 'Grottaglie Airport, Taranto', 'LIBG', 'TAR', 'IT', 'Italy'),
(1440, 'Saskatoon', '    ', 'YXE', 'CA', 'Canada'),
(1441, 'Mombasa - Moi Intl Airport', 'HKMO', 'MBA', 'KE', 'Kenya'),
(1442, 'Fort Worth Alliance Airport, TX', 'KAFW', 'AFW', 'US', 'United States of America'),
(1443, 'Tournai', '    ', 'ZGQ', 'BE', 'Belgium'),
(1444, 'Douala', 'FKKD', 'DLA', 'CM', 'Cameroon'),
(1445, 'Kecskemet Airport', 'LHKE', '   ', 'HU', 'Hungary'),
(1446, 'Johor Bahru, Sultan Ismail International Airport', 'WMKJ', 'JHB', 'MY', 'Malaysia'),
(1447, 'Laurel', '    ', 'LUL', 'US', 'United States of America'),
(1448, 'Paderborn', 'EDLP', 'PAD', 'DE', 'Germany'),
(1449, 'Diego Garcia', 'FJDG', 'NKW', 'MV', 'Maldives'),
(1450, 'Mamai', '    ', 'MAP', 'PG', 'Papua New Guinea'),
(1451, 'Abu Simbel', '    ', 'ABS', 'EG', 'Egypt'),
(1452, 'Ostafyevo (Moscow)', 'UUMO', 'OSF', 'RU', 'Russian Federation (in Europe)'),
(1453, 'Tulsa', 'KTUL', 'TUL', 'US', 'United States of America'),
(1454, 'Casablanca, Mohamed V International Airport', 'GMMN', 'CMN', 'MA', 'Morocco'),
(1455, 'Cochin', '    ', 'COK', 'IN', 'India'),
(1456, 'Dakar', '    ', 'DKR', 'SN', 'Senegal'),
(1457, 'Darwin International Airport    ', 'YPDN', 'DRW', 'AU', 'Australia'),
(1458, 'Rota, Military Airport', 'LERT', '   ', 'ES', 'Spain and Canari Islands'),
(1459, 'Military base', 'OJMS', '   ', 'JO', 'Jordan'),
(1460, 'San Antonio, Stinson Municipal ', 'KSSF', 'SSF', 'US', 'United States of America'),
(1461, 'Panama City, Tocumen Airport', 'MPTO', 'PTY', 'PA', 'Panama'),
(1462, 'Mashad', 'OIMM', 'MHD', 'IR', 'Iran (Islamic Rep. of)'),
(1463, 'Belgorod', 'UUOB', 'EGO', 'RU', 'Russian Federation (in Europe)'),
(1464, 'Ioannina', 'LGIO', 'IOA', 'GR', 'Greece'),
(1465, 'Aksai', '    ', 'AKW', 'KZ', 'Kazakhstan'),
(1466, 'Tretyakovo Airport', 'UUMT', '   ', 'RU', 'Russian Federation (in Europe)'),
(1467, 'Decatur', 'KDEC', 'DEC', 'US', 'United States of America'),
(1468, 'Waterloo, Waterloo Municipal Airport', 'KALO', 'ALO', 'US', 'United States of America'),
(1469, 'Binghamton, Binghamton Regional Airport', 'KBGM', 'BGM', 'US', 'United States of America'),
(1470, 'Sebha', 'HLLS', 'SEB', 'LY', 'Libyan Ar. Jamahiriya'),
(1471, 'Managua', '    ', 'MGA', 'NI', 'Nikaragua'),
(1472, 'Benbecula', 'EGPL', 'BEB', 'GB', 'United Kingdom'),
(1473, 'Santiago', '    ', 'ULC', 'CL', 'Chile'),
(1474, 'Basra, Tallil Air Base', 'ORTL', '   ', 'IQ', 'Irag'),
(1475, 'Lubumbashi', 'FBM ', 'FBM', '  ', 'Congo (Democratic Rep.)'),
(1476, 'Ravenna, La Spreta', 'LIDR', 'RAN', 'IT', 'Italy'),
(1477, 'Bamako', 'GABS', 'BKO', 'ML', 'Mali'),
(1478, 'Lungi International Airport-Freetown', 'GFLL', 'FNA', 'SL', 'Sierra Lione'),
(1479, 'Melbourne International Airport ', 'KMLB', 'MLB', 'US', 'United States of America'),
(1480, 'Thumrait Air Base', 'OOTH', 'TTH', 'OM', 'Oman'),
(1481, 'Oamaru', 'NZOU', 'OAM', 'NZ', 'New Zeland'),
(1482, '', '    ', '   ', 'AF', 'Afghanistan'),
(1483, 'Balikpapan', 'WALL', 'BPN', 'ID', 'Indonesia'),
(1484, 'Kurgan Tyube, Qurghonteppa International Airport', 'UTDT', '   ', 'TJ', 'Tajikistan'),
(1485, 'MoD Boscombe Down ', 'EGDM', 'EGD', 'GB', 'United Kingdom'),
(1486, 'Saratoga', 'KSAA', 'SAA', 'US', 'United States of America'),
(1487, 'Bagram', 'OAIX', 'OAI', 'AF', 'Afghanistan'),
(1488, 'Kiel', 'EDHK', 'KEL', 'DE', 'Germany'),
(1489, 'Arrecife', '    ', 'ACE', 'ES', 'Spain and Canari Islands'),
(1490, 'Belo Horizonte', '    ', 'CNF', 'BR', 'Brazil'),
(1491, 'Baoutou', '    ', 'BAV', 'CN', 'China, People\'s Rep. of'),
(1492, 'Cancun', '    ', 'CUN', 'MX', 'Mexico'),
(1493, 'Florianopolis', '    ', 'FLN', 'BR', 'Brazil'),
(1494, 'Greensboro', '    ', 'GSO', 'US', 'United States of America'),
(1495, 'Greenville SP', '    ', 'GSP', 'US', 'United States of America'),
(1496, 'Harrisburg', '    ', 'MDT', 'US', 'United States of America'),
(1497, 'Jacksonville', '    ', 'JAX', 'US', 'United States of America'),
(1498, 'Joinville', '    ', 'JOI', 'US', 'United States of America'),
(1499, 'Juba', '    ', 'JUB', 'US', 'United States of America'),
(1500, 'Laredo', '    ', 'LRD', 'US', 'United States of America'),
(1501, 'Louisville', '    ', 'SDF', 'US', 'United States of America'),
(1502, 'Marrakesh', '    ', 'RAK', 'MA', 'Marocco'),
(1503, 'Mc Allen', '    ', 'MFE', 'US', 'United States of America'),
(1504, 'Mobile', '    ', 'MOB', 'US', 'United States of America'),
(1505, 'Mwanza', '    ', 'MWZ', 'TZ', 'Tanzania'),
(1506, 'Navegantes', '    ', 'NVT', 'BR', 'Brazil'),
(1507, 'Puerto Plata', '    ', 'POP', 'DO', 'Dominican Republic'),
(1508, 'Punta Cana', '    ', 'PUJ', 'DO', 'Dominican Republic'),
(1509, 'Recife', '    ', 'REC', 'BR', 'Brazil'),
(1510, 'Sacramento', '    ', 'SMF', 'US', 'United States of America'),
(1511, 'Salvador', '    ', 'SSA', 'BR', 'Brazil'),
(1512, 'San Jose', '    ', 'SJO', 'CR', 'Costa Rica'),
(1513, 'Santa Cruz', '    ', 'SRZ', 'BO', 'Bolivia'),
(1514, 'Santo Domingo', '    ', 'SDQ', 'DO', 'Dominican Republic'),
(1515, 'Tangier', '    ', 'TNG', 'MA', 'Marocco'),
(1516, 'Yaounde', '    ', 'NSI', 'CM', 'Cameroon'),
(1517, 'Hyeres', 'LFTH', 'XHE', 'FR', 'France'),
(1518, 'Papa', 'LHPA', '   ', 'HU', 'Hungary'),
(1519, 'RAF Wattisham ', 'EGUW', '   ', 'GB', 'United Kingdom'),
(1520, 'Groningen City, Eelde Airport', 'EHGG', 'GRQ', 'NL', 'Netherlands'),
(1521, 'Cauquira city, Cauquira Airport', 'CDD ', 'CDD', 'HN', 'Honduras'),
(1522, 'Vladikavkaz', 'URMO', 'OGZ', 'XU', 'Russian Federation (in Asia)'),
(1523, 'Albina', 'SMBN', 'ABN', 'SR', 'Suriname'),
(1524, 'Tromso', '    ', 'TOS', 'NO', 'Norway'),
(1525, 'Paya Lebar', 'QPG ', '   ', 'SG', 'Singapore'),
(1526, 'Boufarik,Blida', 'DAAK', 'QFD', 'DZ', 'Algeria'),
(1527, 'Bournemouth, Bournemouth International Airport', 'EGHH', 'BOH', 'GB', 'United Kingdom'),
(1528, 'Point Retreat, Coast Guard Heliport', 'KPRT', 'PRT', 'US', 'United States of America'),
(1529, 'Sun Valley', 'KSUN', 'SUN', 'US', 'United States of America'),
(1530, 'Mukhino Intl Airport, Ulan-Ude', 'UIUU', 'UUD', 'XU', 'Russian Federation (in Asia)'),
(1531, 'Cadiz', '    ', 'CDZ', 'ES', 'Spain and Canari Islands'),
(1532, 'Elmendorl', 'KEDF', 'EDF', 'US', 'United States of America'),
(1533, 'Dhaka, Tejgaon Airport', 'VGTJ', '   ', 'BD', 'Bangladesh'),
(1534, 'Little Rock, Adams Field Airport ', '    ', 'LIT', 'US', 'United States of America'),
(1535, 'Multan Intl Airport', 'OPMT', 'MUX', 'PK', 'Pakistan'),
(1536, 'Sukkur Airport', 'OPSK', 'SKZ', 'PY', 'Paraguay'),
(1537, 'American River', '    ', 'RCN', 'AU', 'Australia'),
(1538, 'Mandalay', 'VYMD', 'MDL', 'MM', 'Myanmar'),
(1539, 'Windhoek,  Hosea Kutako International Airport', 'FYW ', 'WDH', 'NA', 'Namibia'),
(1540, 'Burbank', 'KBUR', 'BUR', 'US', 'United States of America'),
(1541, 'Guiyang', 'ZUGY', 'KWE', 'CN', 'China, People\'s Rep. of'),
(1542, 'Amedee AAF, Herlong', '    ', 'AHC', 'US', 'United States of America'),
(1543, 'Jakarta,Halim Perdanakusuma Intl Airport', 'WIHH', 'HLP', 'ID', 'Indonesia'),
(1544, 'Belem', 'BELL', 'BEL', 'BR', 'Brazil'),
(1545, 'Faro', 'FAOO', 'FAO', 'PT', 'Portugal'),
(1546, 'Fuerteventura', '    ', 'FUE', 'ES', 'Spain and Canari Islands'),
(1547, 'Tingo Maria ', '    ', 'TGI', 'PE', 'Peru'),
(1548, 'Funchal', '    ', 'FNC', 'PT', 'Portugal'),
(1549, 'Metz-nancy-lorraine ', 'LFJL', 'ETZ', 'FR', 'France'),
(1550, 'Jalalabad', 'OAJL', 'JAA', 'AF', 'Afghanistan'),
(1551, 'Shang', 'OASH', 'OAS', 'AF', 'Afghanistan'),
(1552, 'Al Maktoum', 'OMDW', 'DWC', 'AE', 'United Arab Emirates'),
(1553, 'Craioiva', 'LRCV', 'CRA', 'RO', 'Romania'),
(1554, 'El Alamein', 'HEAL', 'DBB', 'EG', 'Egypt'),
(1555, 'Aspen', '    ', 'ASE', 'US', 'United States of America'),
(1556, 'Moscow, Ramensc', '    ', 'UUB', 'RU', 'Russian Federation (in Europe)'),
(1557, 'St. John\'s, St. John\'s International Airport', 'CYYT', 'YYT', 'CA', 'Canada'),
(1558, 'El Fashir', 'HSFS', 'ELF', 'SD', 'Sudan'),
(1559, 'Shin', '    ', 'OA5', 'AF', 'Afghanistan'),
(1560, 'Shindad', 'OASD', 'OAH', 'AF', 'Afghanistan'),
(1561, 'Jaluit', '    ', 'UIT', 'MH', 'Marshall Islands'),
(1562, 'Dover', 'KDOV', 'DOV', 'US', 'United States of America'),
(1563, 'Lashkar Gah, Bost Airport ', 'OABT', 'LSH', 'AF', 'Afghanistan'),
(1564, 'Djerba Zarzis', 'DTTJ', 'DJE', 'TN', 'Tunisia'),
(1565, 'Borg El Arab, Alexandria ', 'HEBA', 'HBE', 'EG', 'Egypt'),
(1566, 'Semipalatinsk', 'UASS', 'PLX', 'KZ', 'Kazakhstan'),
(1567, 'Bouke', '    ', 'BYK', 'CL', 'Cote D\'lvoire'),
(1568, 'Rochester, Greater Rochester International Airport', 'KROC', 'ROC', 'US', 'United States of America'),
(1569, 'Tarin Kowt', 'OATN', 'TII', 'AF', 'Afghanistan'),
(1570, 'Kallax', 'ESPA', 'LLA', 'SE', 'Sweden'),
(1571, 'Araxos', 'LGRX', 'GPA', 'GR', 'Greece'),
(1572, 'Bastion, Camp Bastion Airport', 'OAZI', 'BST', 'AF', 'Afghanistan'),
(1573, 'Norilsk', 'UNSK', 'NSK', 'XU', 'Russian Federation (in Asia)'),
(1574, 'Tver, Migalovo', 'UUEM', 'KLD', 'RU', 'Russian Federation (in Europe)'),
(1575, 'Nassau', 'MYNN', 'NAS', 'BS', 'Bahamas'),
(1576, 'Fort Bliss', 'KBIF', 'BIF', 'US', 'United States of America'),
(1577, 'Libenge', 'FZFA', 'LIE', '  ', 'Congo (Democratic Rep.)'),
(1578, 'Dwyer', 'OADY', 'CDW', 'AF', 'Afghanistan'),
(1579, 'Groznyi', 'URMG', 'GRV', 'RU', 'Russian Federation (in Europe)'),
(1580, 'Santa Barbara Ed, L Delicias', 'SVSZ', 'STB', 'VE', 'Venezuela'),
(1581, 'Station AZ1', 'AZ11', 'AZ1', 'AF', 'Afghanistan'),
(1582, 'Station OA2', 'OA22', 'OA2', 'AF', 'Afghanistan'),
(1583, 'Ali Al Salem Air Base', 'OKAS', '   ', 'AF', 'Afghanistan'),
(1584, 'TE2', 'TE22', 'TE2', 'AF', 'Afghanistan'),
(1585, 'AZ3 Station', 'AAZ3', 'AZ3', 'AF', 'Afghanistan'),
(1586, 'Volkel Air Base', 'EHVK', 'UDE', 'NL', 'Netherlands'),
(1587, 'Bagram', '    ', 'OA1', 'AF', 'Afghanistan'),
(1588, 'Taif', 'OETF', 'TIF', 'SA', 'Saudi Arabia'),
(1589, 'Manaus', '    ', 'MAO', 'BR', 'Brazil'),
(1590, 'Livingstone, Harry Mwanga Nkumbula International A', 'LVI ', 'FLL', 'ZM', 'Zambia'),
(1591, 'Bali/Nguran Rai', 'WADD', 'DPS', 'ID', 'Indonesia'),
(1592, 'Shijiazhuang, Daguocun Airport', 'ZBSJ', 'SJW', 'CN', 'China, People\'s Rep. of'),
(1593, 'Prerov', 'LKPO', 'PRV', 'CZ', 'Czech Republic'),
(1594, 'OAZ', 'OAZ ', 'OAZ', 'AZ', 'Azerbaijan'),
(1595, 'Azraq Shaheed', 'OJ40', '   ', 'JO', 'Jordan'),
(1596, 'Kostanay', 'KKSN', 'KSN', 'KZ', 'Kazakhstan'),
(1597, 'Roma', 'LIRE', '   ', 'IT', 'Italy'),
(1598, 'Gabala Intl Airport', 'UBBQ', 'GBB', 'AZ', 'Azerbaijan'),
(1599, 'Thiruvananthapuram', 'TTRV', 'TRV', 'IN', 'India'),
(1600, 'Tiruchirapally', 'TTRZ', 'TRZ', 'IN', 'India'),
(1601, 'Idore, Devi Ahilyabai Holkar International Airport', 'VAID', 'IDR', 'IN', 'India'),
(1602, 'Lucknow', 'VILK', 'LKO', 'IN', 'India'),
(1603, 'Vientiane, Wattay International Airport ', 'VLVT', 'VTE', 'LA', 'Lao People\"s Dem. Rep.'),
(1604, 'Belize, Philip S. W. Goldson International Airport', 'MZBZ', 'BZE', 'BZ', 'Belize'),
(1605, 'Bermuda, L.F. Wade International Airport ', 'TXKF', 'BDA', 'BM', 'Bermuda'),
(1606, 'Misheria', 'DAAY', 'MZW', 'DZ', 'Algeria'),
(1607, 'Cali, Alfonso Bonilla Aragon International Airp', 'SKCL', 'CLO', 'CO', 'Colombia'),
(1608, 'Guatemala City, La Aurora International Airport', 'MGGT', 'GUA', 'GT', 'Guatemala'),
(1609, 'Kingston, Norman Manley International Airport', 'MKJP', 'KIN', 'JM', 'Jamaica'),
(1610, 'Medellin, Jose Maria Cordova International Airport', 'SKRG', 'MDE', 'CO', 'Colombia'),
(1611, 'Montego Bay, Sangster International Airport', 'MKJS', 'MKJ', 'JM', 'Jamaica'),
(1612, 'Port-au-Prince, Toussaint Louverture International', 'MTPP', 'PAP', 'HT', 'Haiti'),
(1613, 'Puerto Vallarta, Lic. Gustavo Diaz Ordaz Internati', 'MMPR', 'PVR', 'MX', 'Mexico'),
(1614, 'San Jose del Cabo, Los Cabos International Airport', 'MMSD', 'SJD', 'MX', 'Mexico'),
(1615, 'San Jose International Airport', 'KSJC', 'SJC', 'US', 'United States of America'),
(1616, 'San Pedro Sula,,Ramon Villeda Morales Internationa', 'MHLM', 'SAP', 'HN', 'Honduras'),
(1617, 'Santiago de los Caballeros, Cibao International Ai', 'MDST', 'STI', 'DO', 'Dominican Republic'),
(1618, 'Killeen', 'KGRK', 'GRK', 'US', 'United States of America'),
(1619, 'Sialkot, Sialkot International Airport', 'OPST', 'SKT', 'PK', 'Pakistan'),
(1620, 'Bily Tserrkva', 'UKBC', '   ', 'UA', 'Ukraine'),
(1621, 'Tindouf ', 'DAOF', 'TIN', 'DZ', 'Algeria');
INSERT INTO `airport` (`airport_ID`, `name`, `icao`, `iata`, `code`, `country`) VALUES
(1622, 'Sendai', 'RJSS', 'SDJ', 'JP', 'Japan'),
(1623, 'Honolulu,state of Hawaii,Honolulu International Ai', 'PHNL', 'HNL', 'US', 'United States of America'),
(1624, 'Goundam', '    ', 'GUD', 'ML', 'Mali'),
(1625, 'Orleans', '    ', 'ORE', 'FR', 'France'),
(1626, 'Port Elizabeth ', '    ', 'PLZ', 'ZA', 'South Africa'),
(1627, 'Sapporo, New Chitose Airport ', 'RJCC', 'CTS', 'JP', 'Japan'),
(1628, 'Jonesboro, Jonesboro Airport ', 'KJBR', 'JBR', 'US', 'United States of America'),
(1629, 'Pecs, Pecs-Pogany International Airport', 'LHPP', '   ', 'HU', 'Hungary'),
(1630, 'Kalamazoo/Battle Creek, Kalamazoo/Battle Creek Int', 'KAZO', 'AZO', 'US', 'United States of America'),
(1631, 'Port Blair, Veer Savarkar International Airport', 'VOPB', 'IXZ', 'IN', 'India'),
(1632, 'Niihama', '    ', 'IHA', 'JP', 'Japan'),
(1633, 'Paine Field, Everett', 'KPAE', 'PAE', 'US', 'United States of America'),
(1634, 'Ouagadougou Airport, Ouagadougou BF ', 'DFFD', 'OUA', 'BF', 'Burkina Faso'),
(1635, '', '    ', '   ', 'XU', 'Russian Federation (in Asia)'),
(1636, 'Asuncion, Silvio Pettirossi International Airport ', 'SGAS', 'ASU', 'PY', 'Paraguay'),
(1637, 'Vitoria, Eurico Sales Airport ', 'SBVT', 'VIX', 'BR', 'Brazil'),
(1638, 'Cuiaba, Marechal Rondon International Airport ', 'SBCY', 'CGB', 'BR', 'Brazil'),
(1639, 'Unalakleet', 'PAUN', 'UNK', 'US', 'United States of America'),
(1640, 'Stockholm-(Skavsta)', 'ESKN', 'NYO', 'SE', 'Sweden'),
(1641, 'Sokoto', 'DNSO', 'SKO', 'NG', 'Nigeria'),
(1642, 'Kabri Dar', 'HAKD', 'ABK', 'ET', 'Ethiopia'),
(1643, 'McGuire AFB Airport/Wrightstown', 'KWRI', 'WRI', 'US', 'United States of America'),
(1644, 'Santa Maria', '    ', 'SMA', 'PT', 'Portugal'),
(1645, 'BUE', 'BUE ', 'BUE', 'AZ', 'Azerbaijan'),
(1646, 'Visakhapatnam', 'VOVZ', 'VTZ', 'IN', 'India'),
(1647, 'AZG', 'AZG ', 'AZG', 'AZ', 'Azerbaijan'),
(1648, 'Salerno', 'AF11', 'OA4', 'AF', 'Afghanistan'),
(1649, 'Lublin', 'EPLB', 'LUZ', 'PL', 'Poland'),
(1650, 'Clark Intl Airport', 'RPLC', 'CRK', 'PH', 'Philipines'),
(1651, 'Texarkana, Arkansas', 'KTXK', 'TXK', 'US', 'United States of America'),
(1652, 'Fort Drum, New York', 'KGTB', 'GTB', 'US', 'United States of America'),
(1653, 'Ardmore Airport', 'NZAR', 'AMZ', 'NZ', 'New Zeland'),
(1654, 'Hancock International Airport, Syracuse ', 'KSYR', 'SYR', 'US', 'United States of America'),
(1655, 'Kaohsiung', 'RCKH', 'KHH', 'TW', 'Taiwan'),
(1656, 'Lablab', '    ', 'LAB', 'PG', 'Papua New Guinea'),
(1657, 'CBY', 'CBY ', 'CBY', 'AZ', 'Azerbaijan'),
(1658, 'Orange city, Stewart Airport', 'KSWF', 'SWF', 'US', 'United States of America'),
(1659, 'AKK', 'PAKH', 'AKK', 'US', 'United States of America'),
(1660, 'XEM', 'XEM ', 'XEM', 'CA', 'Canada'),
(1661, 'Norwich', 'EGSH', 'NWI', 'GB', 'United Kingdom'),
(1662, 'ASD', 'MYAF', 'ASD', 'BS', 'Bahamas'),
(1663, 'QFB', 'EDT ', 'QFB', 'DE', 'Germany'),
(1664, 'Naha', 'ROAH', 'OKA', 'JP', 'Japan'),
(1665, 'Ganja', 'KVD ', 'KVD', 'AZ', 'Azerbaijan'),
(1666, 'Southampton', 'EGHI', 'SOU', 'GB', 'United Kingdom'),
(1667, 'Trinidad', 'SLTD', 'TDD', 'BO', 'Bolivia'),
(1668, 'Lodz', 'EPLL', 'LCJ', 'PL', 'Poland'),
(1669, 'Davao, Francisco Bangoy International Airport ', 'RPMD', 'DVO', 'PH', 'Philipines'),
(1670, 'Maumere (Wai Oti) Airport', 'WATC', 'MOF', 'ID', 'Indonesia'),
(1671, 'Novokuznetsk, Spichenkovo Airport', 'NOZ ', 'UNW', 'RU', 'Russian Federation (in Europe)'),
(1672, 'Tomsk, Bogashevo Airport ', 'UNTT', 'TOF', 'RU', 'Russian Federation (in Europe)'),
(1673, 'Magnitogorsk, Magnitogorsk International Airport ', 'USCM', 'MQF', 'XU', 'Russian Federation (in Asia)'),
(1674, 'Novokuznetsk, Spichenkovo Airport ', 'UNWW', 'NOZ', 'XU', 'Russian Federation (in Asia)'),
(1675, 'Amendola', 'LIBA', '   ', 'IT', 'Italy'),
(1676, 'OAJ', 'OAJ ', 'OAJ', 'AZ', 'Azerbaijan'),
(1677, 'QUL', 'QUL ', 'QUL', 'AZ', 'Azerbaijan'),
(1678, 'Port Moresby', 'AYPY', 'POM', 'PG', 'Papua New Guinea'),
(1679, 'Amarillo, Rick Husband Amarillo International Airp', 'KAMA', 'AMA', 'US', 'United States of America'),
(1680, 'Akinci Air Base', 'LTAE', '   ', 'TR', 'Turkey'),
(1681, 'Odense Airport', 'EKOD', 'ODE', 'DK', 'Denmark'),
(1682, 'Nicholson', 'YNIC', 'NLS', 'AU', 'Australia'),
(1683, 'Orocue', 'SKOE', 'ORC', 'CO', 'Colombia'),
(1684, 'Albany', '    ', 'NAB', 'US', 'United States of America'),
(1685, 'Balkanabad', 'UT1H', 'BKN', 'TN', 'Turkmenistan'),
(1686, 'NLX', 'NLX ', 'NLX', 'AZ', 'Azerbaijan'),
(1687, 'Sao Paulo, Congonhas Airport', 'SBSP', 'CGH', 'BR', 'Brazil'),
(1688, 'UXM', 'UXM ', 'UXM', 'AZ', 'Azerbaijan'),
(1689, 'Talara ', 'SPYL', 'TYL', 'PE', 'Peru'),
(1690, 'Khorramabad', 'OICK', 'KHD', 'IR', 'Iran (Islamic Rep. of)'),
(1691, 'Grand Rapids, Gerald R. Ford International Airport', 'KGRR', 'GRR', 'US', 'United States of America'),
(1692, 'MIN', 'MIN ', 'MIN', 'AZ', 'Azerbaijan'),
(1693, 'Chelyabinsk', 'USCC', 'CEL', 'XU', 'Russian Federation (in Asia)'),
(1694, 'Colmar-Houssen ', 'LFGA', 'CMR', 'FR', 'France'),
(1695, 'XXX', 'XXX ', 'XXX', 'AZ', 'Azerbaijan'),
(1696, 'Ranon, Asturias Airport ', 'LEAS', 'OVD', 'ES', 'Spain and Canari Islands'),
(1697, 'Jonkoping', 'ESGJ', 'JKG', 'SE', 'Sweden'),
(1698, 'Angads Airport', 'GMFO', 'OUD', 'MA', 'Marocco'),
(1699, 'Bismarck', 'KBIS', 'BIS', 'US', 'United States of America'),
(1700, 'Missoula', 'KMSO', 'MSO', 'US', 'United States of America'),
(1701, 'Teptep', '    ', 'TEP', 'PG', 'Papua New Guinea'),
(1702, 'Londolozi', 'FALD', 'LDZ', 'ZA', 'South Africa'),
(1703, 'Changde', 'ZGCD', 'CGD', 'CN', 'China, People\'s Rep. of'),
(1704, 'Monticello, Regional Airport', 'KMXO', 'MXO', 'US', 'United States of America'),
(1705, '', '    ', '   ', 'AZ', 'Azerbaijan'),
(1706, 'Cadjehoun Airport', 'DBBB', 'COO', 'BJ', 'Benin'),
(1707, 'Navoi , Navoi International Airport', 'UTSA', 'NVI', 'UZ', 'Uzbekistan'),
(1708, 'El Bolson', 'SAVB', 'EHL', 'AR', 'Argentina'),
(1709, 'Circle Hot Springs', '    ', 'CHP', 'US', 'United States of America'),
(1710, 'Changsha, Huanghua International Airport ', '    ', 'HHA', 'CN', 'China, People\'s Rep. of'),
(1711, 'OVN', 'OVN ', 'OVN', 'AZ', 'Azerbaijan'),
(1712, 'Grundy Municipal Airport ', 'KGDY', 'GDY', 'US', 'United States of America'),
(1713, 'Paranagua Municipal Airport ', 'SSPG', 'PNG', 'PY', 'Paraguay'),
(1714, 'KFK', 'KFK ', 'KFK', 'AZ', 'Azerbaijan'),
(1715, 'Tivat', 'LYTV', 'TIV', 'XU', 'Russian Federation (in Asia)'),
(1716, 'AAU', 'AAU ', 'AAU', 'AZ', 'Azerbaijan'),
(1717, 'BKU', 'BKU ', 'BKU', 'AZ', 'Azerbaijan'),
(1718, 'BEU', 'BEU ', 'BEU', 'AZ', 'Azerbaijan'),
(1719, 'GGW', 'GGW ', 'GGW', 'AZ', 'Azerbaijan'),
(1720, 'MOD', 'MOD ', 'MOD', 'AZ', 'Azerbaijan'),
(1721, 'CSG', 'CSG ', 'CSG', 'AZ', 'Azerbaijan'),
(1722, 'TSB', 'TSB ', 'TSB', 'AZ', 'Azerbaijan'),
(1723, 'GTO', 'GTO ', 'GTO', 'AZ', 'Azerbaijan'),
(1724, 'PIR', 'PIR ', 'PIR', 'AZ', 'Azerbaijan'),
(1725, 'TPR', 'TPR ', 'TPR', 'AZ', 'Azerbaijan'),
(1726, 'URU', 'URU ', 'URU', 'AZ', 'Azerbaijan'),
(1727, 'Cannes', '    ', 'CEQ', 'FR', 'France'),
(1728, 'RSH', 'RSH ', 'RSH', 'AZ', 'Azerbaijan'),
(1729, 'ZSX', 'ZSX ', 'ZSX', 'AZ', 'Azerbaijan'),
(1730, 'Misrata', 'HLMS', 'MRA', 'LY', 'Libyan Ar. Jamahiriya'),
(1731, 'KEP', 'KEP ', 'KEP', 'AZ', 'Azerbaijan'),
(1732, 'BAK(Bibi-Eybat)', 'BET ', 'BET', 'AZ', 'Azerbaijan'),
(1733, 'SOC', 'SOC ', 'SOC', 'AZ', 'Azerbaijan'),
(1734, 'Cilov', 'UBCL', 'CLV', 'AZ', 'Azerbaijan'),
(1735, 'Kagoshima', 'KHH ', 'KOJ', 'JP', 'Japan'),
(1736, 'TLT', 'TLT ', 'TLT', 'AZ', 'Azerbaijan'),
(1737, 'Kala Air Base', 'KLA ', '   ', 'AZ', 'Azerbaijan'),
(1738, 'Beja Airport', '    ', 'BYJ', 'PT', 'Portugal'),
(1739, 'Camp Dwyer', '    ', 'DWR', 'AF', 'Afghanistan'),
(1740, 'TBI', 'TBI ', 'TBI', 'AZ', 'Azerbaijan'),
(1741, 'VVI', 'VVI ', 'VVI', 'AZ', 'Azerbaijan'),
(1742, 'Gaborone', 'FBSK', 'GBE', 'BW', 'Botswana'),
(1743, 'Najaf', 'ORNI', 'NJF', 'IQ', 'Irag'),
(1744, 'Georgetown, Guyana', 'SYCJ', 'GEO', 'US', 'United States of America'),
(1745, 'Bangui', 'FEFF', 'BGF', 'CF', 'Central African Republic'),
(1746, 'PCG', 'PCG ', 'PCG', 'AZ', 'Azerbaijan'),
(1747, 'HGK', 'HGK ', 'HGK', 'AZ', 'Azerbaijan'),
(1748, 'KBI', 'KBI ', 'KBI', 'AZ', 'Azerbaijan'),
(1749, 'Zhongshan Airport', '    ', 'ZGN', 'CN', 'China, People\'s Rep. of'),
(1750, 'El Qasim', '    ', 'ELQ', 'SA', 'Saudi Arabia'),
(1751, 'SHN', 'SHN ', 'SHN', 'AZ', 'Azerbaijan'),
(1752, 'DWB', 'DWB ', 'DWB', 'AZ', 'Azerbaijan'),
(1753, 'TKV', 'TKV ', 'TKV', 'AZ', 'Azerbaijan'),
(1754, 'MSN', 'MSN ', 'MSN', 'AZ', 'Azerbaijan'),
(1755, 'ROB', 'ROB ', 'ROB', 'AZ', 'Azerbaijan'),
(1756, 'Yaounde', 'FKKY', 'YAO', 'CM', 'Cameroon'),
(1757, 'Soyo ', 'FNSO', 'SZA', 'AO', 'Angola'),
(1758, 'SAU', 'SAU ', 'SAU', 'AZ', 'Azerbaijan'),
(1759, 'CFG', 'CFG ', 'CFG', 'AZ', 'Azerbaijan'),
(1760, 'GUV', 'GUV ', 'GUV', 'AZ', 'Azerbaijan'),
(1761, 'THE', 'THE ', 'THE', 'AZ', 'Azerbaijan'),
(1762, 'ABL', 'ABL ', 'ABL', 'AZ', 'Azerbaijan'),
(1763, 'Tarbes-Lourdes-Pyrenees Airport', 'LFBT', 'LDE', 'FR', 'France'),
(1764, 'AMK', 'AMK ', 'AMK', 'AZ', 'Azerbaijan'),
(1765, 'Prince Sultan Air Base', 'OEKJ', 'AKH', 'SA', 'Saudi Arabia'),
(1766, 'ATK', 'ATK ', 'ATK', 'AZ', 'Azerbaijan'),
(1767, 'OME', 'OME ', 'OME', 'AZ', 'Azerbaijan'),
(1768, 'King Khalid Military Airport', 'OEKK', 'KMC', 'SA', 'Saudi Arabia'),
(1769, 'MEG', 'MEG ', 'MEG', 'AZ', 'Azerbaijan'),
(1770, 'YD/', 'YD/ ', 'YD/', 'AZ', 'Azerbaijan'),
(1771, 'BKI', 'BKI ', 'BKI', 'AZ', 'Azerbaijan'),
(1772, 'SBW', 'SBW ', 'SBW', 'AZ', 'Azerbaijan'),
(1773, 'BTU', 'BTU ', 'BTU', 'AZ', 'Azerbaijan'),
(1774, 'Gazipasa-Alanya Airport', 'LTFG', 'GZP', 'TR', 'Turkey'),
(1775, 'REP', 'REP ', 'REP', 'AZ', 'Azerbaijan'),
(1776, 'KNO', 'KNO ', 'KNO', 'AZ', 'Azerbaijan'),
(1777, 'SDK', 'SDK ', 'SDK', 'AZ', 'Azerbaijan'),
(1778, 'MES', 'MES ', 'MES', 'AZ', 'Azerbaijan'),
(1779, 'KUA', 'KUA ', 'KUA', 'AZ', 'Azerbaijan'),
(1780, 'UDN', 'UDN ', 'UDN', 'AZ', 'Azerbaijan'),
(1781, 'SEK', 'SEK ', 'SEK', 'AZ', 'Azerbaijan'),
(1782, 'OER', 'OER ', 'OER', 'AZ', 'Azerbaijan'),
(1783, 'ABR', 'ABR ', 'ABR', 'AZ', 'Azerbaijan'),
(1784, 'Boeing Field int airport overview', 'KBFI', 'BFI', 'US', 'United States of America'),
(1785, 'QWZ', 'QWZ ', 'QWZ', 'AZ', 'Azerbaijan'),
(1786, 'MFT', 'MFT ', 'MFT', 'AZ', 'Azerbaijan'),
(1787, 'HEY', 'HEY ', 'HEY', 'AZ', 'Azerbaijan'),
(1788, 'TVL', 'TVL ', 'TVL', 'AZ', 'Azerbaijan'),
(1789, 'Rovaniemi', 'EFRO', 'RVN', 'FI', 'Finland'),
(1790, 'Nouakchott', '    ', 'NKC', 'MR', 'Mauritania'),
(1791, 'Graf Ignatievo ', 'LBPG', '   ', 'BG', 'Bulgaria'),
(1792, 'CAD', 'CAD ', 'CAD', 'AZ', 'Azerbaijan'),
(1793, 'Shamaxi', 'SMH ', 'SMH', 'AZ', 'Azerbaijan'),
(1794, 'AFA', 'AFA ', 'AFA', 'AZ', 'Azerbaijan'),
(1795, 'UCAR', 'UCR ', 'UCR', 'AZ', 'Azerbaijan'),
(1796, 'Yardimli', 'YAR ', 'YAR', 'AZ', 'Azerbaijan'),
(1797, 'Agdjebedi', 'AGD ', 'AGD', 'AZ', 'Azerbaijan'),
(1798, 'Imishli', 'IMS ', 'IMS', 'AZ', 'Azerbaijan'),
(1799, 'Deller', 'DLL ', 'DLL', 'AZ', 'Azerbaijan'),
(1800, 'Gokchay', 'UBK ', 'UBK', 'AZ', 'Azerbaijan'),
(1801, 'BAKI C/E AZERI HS', 'ANS ', 'AHS', 'AZ', 'Azerbaijan'),
(1802, 'Prince Hasan Air Base', 'OJHF', '   ', 'JO', 'Jordan'),
(1803, 'Xizi', 'XZI ', 'XZI', 'AZ', 'Azerbaijan'),
(1804, 'Nabran', 'ZZZZ', 'ZZZ', 'AZ', 'Azerbaijan'),
(1805, 'Port Sudan', 'HSPN', 'PZU', 'SD', 'Sudan'),
(1806, 'Naftalan', 'NAF ', 'NAF', 'AZ', 'Azerbaijan'),
(1807, 'Sumgait', 'SMG ', 'SMG', 'AZ', 'Azerbaijan'),
(1808, 'Sangachal', '-   ', 'SQC', 'AZ', 'Azerbaijan'),
(1809, 'Kilimanjaro Intl Airport', 'HTKJ', 'JRO', 'TZ', 'Tanzania'),
(1810, 'Ioannis/Kapodistrias', 'LGKR', 'CFU', 'GR', 'Greece'),
(1811, 'St.Etienne', 'LFMH', 'EBU', 'FR', 'France'),
(1812, 'PDVSA Petrolios de Venezuela', 'PDV ', '...', 'VE', 'Venezuela'),
(1813, 'New Doha', 'OTHH', 'DON', 'QA', 'Qatar'),
(1814, 'Oxford-Kidlington', 'EGTK', 'OXF', 'GB', 'United Kingdom'),
(1815, 'Shahdag', 'SHD ', 'SHD', 'AZ', 'Azerbaijan'),
(1816, 'Belakan', 'BLN ', 'BLN', 'AZ', 'Azerbaijan'),
(1817, 'Sabirabad', 'SBD ', 'SBD', 'AZ', 'Azerbaijan'),
(1818, 'Shixov', 'SHX ', 'SHX', 'AZ', 'Azerbaijan'),
(1819, 'Salyan', 'SLX ', 'SLX', 'AZ', 'Azerbaijan'),
(1820, 'Shirvan', 'ALB ', 'ALB', 'AZ', 'Azerbaijan'),
(1821, 'Toghuz', 'TOG ', 'TOG', 'AZ', 'Azerbaijan'),
(1822, 'Winnipeg int`l', '    ', 'YWG', 'CA', 'Canada'),
(1823, 'Giebelstadt', 'EDQG', 'GHF', 'DE', 'Germany'),
(1824, 'Mangalore(Bajpe)', 'VOML', 'IXE', 'IN', 'India'),
(1825, 'Altiagac', 'AAC ', 'AAC', 'AZ', 'Azerbaijan'),
(1826, 'Hatzor', 'LLHS', '   ', 'IL', 'Israel'),
(1827, 'Ismayilli', '    ', 'ISM', 'AZ', 'Azerbaijan'),
(1828, 'Albany, Southwest Georgia Regional ', 'KABY', 'ABY', 'US', 'United States of America'),
(1829, 'Akhsu', 'AGS ', 'AGS', 'AZ', 'Azerbaijan'),
(1830, 'Gusar', 'BGS ', 'BGS', 'AZ', 'Azerbaijan'),
(1831, 'Mingechevir', 'MGC ', '   ', 'AZ', 'Azerbaijan'),
(1832, 'Beylagan', 'BLG ', 'BLG', 'AZ', 'Azerbaijan'),
(1833, 'Siyazan', 'SYN ', 'SYN', 'AZ', 'Azerbaijan'),
(1834, 'Akstafa', 'AKS ', 'AKS', 'AZ', 'Azerbaijan'),
(1835, 'General Jose Antonio Anzoategui International Airp', 'SVBC', 'BLA', 'VE', 'Venezuela'),
(1836, 'Xachmaz', 'UBBX', 'XMC', 'AZ', 'Azerbaijan'),
(1837, 'Neftchala', 'NFL ', 'NFL', 'AZ', 'Azerbaijan'),
(1838, 'Guba', 'GUB ', 'GUB', 'AZ', 'Azerbaijan'),
(1839, 'Sheki', 'UBBS', 'SHI', 'AZ', 'Azerbaijan'),
(1840, 'BARDA', 'UBBR', 'BRD', 'AZ', 'Azerbaijan'),
(1841, 'Bllasuvar', 'BLS ', 'BLS', 'AZ', 'Azerbaijan'),
(1842, 'TAF', 'TAF ', 'TAF', 'AZ', 'Azerbaijan'),
(1843, 'Singapore/Seletar', 'WSSL', 'XSP', 'SG', 'Singapore'),
(1844, 'XUZ', 'XUZ ', 'XUZ', 'AZ', 'Azerbaijan'),
(1845, 'AKU', 'AKU ', 'AKU', 'AZ', 'Azerbaijan'),
(1846, 'PBM', 'PBM ', 'PBM', 'AZ', 'Azerbaijan'),
(1847, 'Kbely', 'LKKB', 'KBY', 'CZ', 'Czech Republic'),
(1848, 'KPB', 'KPB ', 'KPB', 'AZ', 'Azerbaijan'),
(1849, 'Samedan', 'LSZS', 'SMV', 'CH', 'Switzerland'),
(1850, 'SKB', 'SKB ', 'SKB', 'AZ', 'Azerbaijan'),
(1851, 'Ardabil', 'OITL', 'ADU', 'IR', 'Iran (Islamic Rep. of)'),
(1852, 'SVD', 'SVD ', 'SVD', 'AZ', 'Azerbaijan'),
(1853, 'Diori Hamani Intl Airport', 'DRRN', 'NIM', 'NE', 'Niger'),
(1854, 'COG', 'COG ', 'COG', 'AZ', 'Azerbaijan'),
(1855, 'DUM', 'DUM ', 'DUM', 'AZ', 'Azerbaijan'),
(1856, 'Ronneby', 'ESDF', 'RNB', 'SE', 'Sweden'),
(1857, 'St. Gallen/Altenrhein', 'LSZR', 'ACH', 'CH', 'Switzerland'),
(1858, 'Uromiyeh', 'OITR', 'OMH', 'IR', 'Iran (Islamic Rep. of)'),
(1859, 'SIL', 'SIL ', 'SIL', 'AZ', 'Azerbaijan'),
(1860, 'Sion', 'LSGS', 'SIR', 'SZ', 'Swaziland'),
(1861, 'BTL', 'BTL ', 'BTL', 'AZ', 'Azerbaijan'),
(1862, 'GSS', 'GSS ', 'GSS', 'AZ', 'Azerbaijan'),
(1863, 'SHK', 'SHK ', 'SHK', 'AZ', 'Azerbaijan'),
(1864, 'Madinah/Prince Mohammad Bin Abdulaziz Internationa', 'OEMA', 'MED', 'SA', 'Saudi Arabia'),
(1865, 'BME', 'BME ', 'BME', 'AZ', 'Azerbaijan'),
(1866, 'Chambery', 'LFLB', 'CMF', 'FR', 'France'),
(1867, 'SJP', 'SJP ', 'SJP', 'AZ', 'Azerbaijan'),
(1868, 'Yazd', 'AZD ', '   ', 'IR', 'Iran (Islamic Rep. of)'),
(1869, 'Gloucestershire', '    ', 'GLO', 'GB', 'United Kingdom'),
(1870, 'GOO', 'GOO ', 'GOO', 'AZ', 'Azerbaijan'),
(1871, 'RD/', 'RD/ ', 'RD/', 'AZ', 'Azerbaijan'),
(1872, 'ERB', 'ERB ', 'ERB', 'AZ', 'Azerbaijan'),
(1873, 'Gan Island/Seenu', 'VRMG', 'GAN', 'MV', 'Maldives'),
(1874, 'AGE', 'AGE ', 'AGE', 'AZ', 'Azerbaijan'),
(1875, 'KBF', 'KBF ', 'KBF', 'AZ', 'Azerbaijan'),
(1876, 'ALM', 'ALM ', 'ALM', 'AZ', 'Azerbaijan'),
(1877, 'OOL', 'OOL ', 'OOL', 'AZ', 'Azerbaijan'),
(1878, 'GYI', 'GYI ', 'GYI', 'AZ', 'Azerbaijan'),
(1879, 'DAD', 'DAD ', 'DAD', 'AZ', 'Azerbaijan'),
(1880, 'TPS', 'TPS ', 'TPS', 'AZ', 'Azerbaijan'),
(1881, 'CGX', 'CGX ', 'CGX', 'AZ', 'Azerbaijan'),
(1882, 'Hua Hin', 'VTPH', 'HHQ', 'TH', 'Thailand'),
(1883, 'Lambok', 'WADL', 'LOP', 'ID', 'Indonesia'),
(1884, 'TGT', 'TGT ', 'TGT', 'AZ', 'Azerbaijan'),
(1885, 'Kigali/G.Kayibanda', 'HRYR', 'KGL', 'RW', 'Rwanda'),
(1886, 'KBR', 'KBR ', 'KBR', 'AZ', 'Azerbaijan'),
(1887, 'Yogyakarta', 'WAHH', 'JOG', 'ID', 'Indonesia'),
(1888, 'TKA', 'TKA ', 'TKA', 'AZ', 'Azerbaijan'),
(1889, 'Teruel', 'LETL', 'TEV', 'ES', 'Spain and Canari Islands'),
(1890, 'MGQ', 'MGQ ', 'MGQ', 'AZ', 'Azerbaijan'),
(1891, 'Brunswick Jetport', 'KBQK', 'BQK', 'US', 'United States of America'),
(1892, 'AOR', 'AOR ', 'AOR', 'AZ', 'Azerbaijan'),
(1893, 'Yevlakh', 'UBBE', 'YEV', 'AZ', 'Azerbaijan'),
(1894, 'BAGRAM ', '    ', 'BGQ', 'AF', 'Afghanistan'),
(1895, 'IN/', 'IN/ ', 'IN/', 'AZ', 'Azerbaijan'),
(1896, 'Lahr', 'EDTL', 'LHA', 'DE', 'Germany'),
(1897, 'CHI', 'CHI ', 'CHI', 'AZ', 'Azerbaijan'),
(1898, 'BPM', 'BPM ', 'BPM', 'AZ', 'Azerbaijan'),
(1899, 'DFV', 'DFV ', 'DFV', 'AZ', 'Azerbaijan'),
(1900, 'DTK', 'DTK ', 'DTK', 'AZ', 'Azerbaijan'),
(1901, 'KIT', 'KIT ', 'KIT', 'AZ', 'Azerbaijan'),
(1902, 'Ordu Giresun ', '    ', 'OGU', 'TR', 'Turkey'),
(1903, 'XGK', 'XGK ', 'XGK', 'AZ', 'Azerbaijan'),
(1904, 'Djalilabad', 'DJB ', 'DJB', 'AZ', 'Azerbaijan'),
(1905, 'DOM', 'DOM ', 'DOM', 'AZ', 'Azerbaijan'),
(1906, 'ABB', 'ABB ', 'ABB', 'AZ', 'Azerbaijan'),
(1907, 'Seoul (Sinchonri)', 'RKSM', 'SSN', 'KR', 'Souit Korea'),
(1908, 'LPB', 'LPB ', 'LPB', 'AZ', 'Azerbaijan'),
(1909, 'GIY', 'GIY ', 'GIY', 'AZ', 'Azerbaijan'),
(1910, 'RSW', 'RSW ', 'RSW', 'AZ', 'Azerbaijan'),
(1911, 'WHU', 'WHU ', 'WHU', 'AZ', 'Azerbaijan'),
(1912, 'ICA', 'ICA ', 'ICA', 'AZ', 'Azerbaijan'),
(1913, 'EFD', 'EFD ', 'EFD', 'AZ', 'Azerbaijan'),
(1914, 'NYD', 'NYD ', 'NYD', 'AZ', 'Azerbaijan'),
(1915, 'Mikonos', 'LGMK', 'JMK', 'GR', 'Greece'),
(1916, 'ISG', 'ISG ', 'ISG', 'AZ', 'Azerbaijan'),
(1917, 'Baranovichi', 'UMMA', 'UMA', 'BY', 'Belarus'),
(1918, 'Nikos/Kazantzakis', 'HER ', '   ', 'GR', 'Greece'),
(1919, 'BWM', 'BWM ', 'BWM', 'AZ', 'Azerbaijan'),
(1920, 'BLW', 'BLW ', 'BLW', 'AZ', 'Azerbaijan'),
(1921, 'Sabetta International Airport', '    ', 'SBT', 'XU', 'Russian Federation (in Asia)'),
(1922, 'HA/', 'HA/ ', 'HA/', 'AZ', 'Azerbaijan'),
(1923, 'Santiago', 'LEST', 'SCQ', 'ES', 'Spain'),
(1924, 'Catania (Fontanarossa)', 'LICC', 'CTA', 'IT', 'Italy'),
(1925, 'Braunschweig', 'EDVE', 'BWE', 'DE', 'Germany'),
(1926, 'YEA', 'YEA ', 'YEA', 'AZ', 'Azerbaijan'),
(1927, 'AIA', 'AIA ', 'AIA', 'AZ', 'Azerbaijan'),
(1928, 'DKT', 'DKT ', 'DKT', 'AZ', 'Azerbaijan'),
(1929, 'Santorini', 'LGSR', 'JTR', 'GR', 'Greece'),
(1930, 'OLS', 'OLS ', 'OLS', 'AZ', 'Azerbaijan'),
(1931, 'TIL', 'TIL ', 'TIL', 'AZ', 'Azerbaijan'),
(1932, 'POE', 'POE ', 'POE', 'AZ', 'Azerbaijan'),
(1933, 'DRD', 'DRD ', 'DRD', 'AZ', 'Azerbaijan'),
(1934, 'DEM', 'DEM ', 'DEM', 'AZ', 'Azerbaijan'),
(1935, 'KIW', 'KIW ', 'KIW', 'AZ', 'Azerbaijan'),
(1936, 'FUK', 'FUK ', 'FUK', 'AZ', 'Azerbaijan'),
(1937, 'FRO', 'FRO ', 'FRO', 'AZ', 'Azerbaijan'),
(1938, 'Aime Cesaire ', '    ', 'FDF', 'FR', 'France'),
(1939, 'YQY', 'YQY ', 'YQY', 'AZ', 'Azerbaijan'),
(1940, 'BOR', 'BOR ', 'BOR', 'AZ', 'Azerbaijan'),
(1941, 'KHR', 'KHR ', 'KHR', 'AZ', 'Azerbaijan'),
(1942, 'FEA', 'FEA ', 'FEA', 'AZ', 'Azerbaijan'),
(1943, 'MBL', 'MBL ', 'MBL', 'AZ', 'Azerbaijan'),
(1944, 'TWU', 'TWU ', 'TWU', 'AZ', 'Azerbaijan'),
(1945, 'Shabran', 'SBN ', '   ', 'AZ', 'Azerbaijan'),
(1946, 'Monastir', '    ', 'MIR', 'TN', 'Tunisia'),
(1947, 'AGDASH', 'AQA ', '   ', 'AZ', 'Azerbaijan'),
(1948, 'Parsabade Moghan', 'OITP', 'PFQ', 'IR', 'Iran (Islamic Rep. of)'),
(1949, 'KIL', 'KIL ', 'KIL', 'AZ', 'Azerbaijan'),
(1950, 'Badamdar', 'BDM ', '   ', 'AZ', 'Azerbaijan'),
(1951, 'Haciqabul', 'HAQ ', '   ', 'AZ', 'Azerbaijan'),
(1952, 'BWG', 'BWG ', 'BWG', 'AZ', 'Azerbaijan'),
(1953, 'RVI', 'RVI ', 'RVI', 'AZ', 'Azerbaijan'),
(1954, 'MDW', 'MDW ', 'MDW', 'AZ', 'Azerbaijan'),
(1955, 'DIL', 'DIL ', 'DIL', 'AZ', 'Azerbaijan'),
(1956, 'IXL', 'IXL ', 'IXL', 'AZ', 'Azerbaijan');

-- --------------------------------------------------------

--
-- Table structure for table `message`
--

CREATE TABLE `message` (
  `message_ID` int(11) NOT NULL,
  `type` varchar(3) CHARACTER SET utf8 COLLATE utf8_bin NOT NULL,
  `text` text CHARACTER SET utf8 COLLATE utf8_bin NOT NULL,
  `sender` varchar(30) CHARACTER SET utf8 COLLATE utf8_bin NOT NULL,
  `subject` text CHARACTER SET utf8 COLLATE utf8_bin,
  `fromEmail` varchar(30) CHARACTER SET utf8 COLLATE utf8_bin NOT NULL,
  `receiveDate` datetime NOT NULL,
  `status` varchar(10) CHARACTER SET utf8 COLLATE utf8_bin NOT NULL,
  `reason` text CHARACTER SET utf8 COLLATE utf8_bin,
  `reason_user` varchar(100) DEFAULT NULL,
  `insertDate` datetime NOT NULL DEFAULT CURRENT_TIMESTAMP
) ENGINE=InnoDB DEFAULT CHARSET=latin1 COMMENT='This table involves information about messages';

--
-- Dumping data for table `message`
--

INSERT INTO `message` (`message_ID`, `type`, `text`, `sender`, `subject`, `fromEmail`, `receiveDate`, `status`, `reason`, `reason_user`, `insertDate`) VALUES
(139, 'IN', 'UCM\r\nIU332/24JAN.ISWIB.BRL\r\nIN\r\n.PGA55555PO.PMC00172ZP.PMC00455ZP.PMC00729ZP\r\n.PMC00789XX.PMC99999ZP', 'Azal Silkway', 'In', 'ucmtracing@gmail.com', '2018-02-16 11:50:50', 'parsed', 'Matching Error-OUT not found', NULL, '2018-02-16 11:56:40'),
(140, 'OUT', 'UCM\r\nYU457/15DEC.ISFER.HGK\r\nOUT\r\n.PRA00880TF/GYD\r\n.PMC03072ZP/GYD.PMC00448ZP/NYR.PMC45729ZP/GYD.PMC01589ZP/GYD\r\n.PGA33221FF/GYD.PGA77445ZP/GYD', 'Azal Silkway', 'UCM OUT', 'ucmtracing@gmail.com', '2018-02-16 11:55:57', 'error', NULL, NULL, '2018-02-16 11:56:40'),
(141, 'OUT', 'UCM\r\nIU332/31DEC.ISWIB.GYD\r\nOUT\r\n.PGA00000FF/BRL\r\n.PMC00172ZP/HKG.PMC00455ZP/NYR.PMC00729ZP/HKG.PMC00789ZP/HKG', 'Azal Silkway', NULL, 'ucmtracing@gmail.com', '2018-02-15 14:40:48', 'warning', NULL, NULL, '2018-02-16 11:56:40'),
(142, 'OUT', 'UCM\r\nIU332/24JAN.ISWIB.GYD\r\nOUT\r\n.PGA55555PO/BRL\r\n.PMC00172ZP/HKG.PMC00455ZP/NYR.PMC00729ZP/HKG.PMC00789XX/HKG.PMC99999ZP/HKG', 'Azal Silkway', 'teze', 'ucmtracing@gmail.com', '2018-01-29 15:49:06', 'warning', NULL, NULL, '2018-02-16 11:56:40'),
(143, 'IN', 'UCM\r\nIU332/31DEC.ISWIB.BRL\r\nIN\r\n.PGA00000FF.PMC00172ZP.PMC00455ZP.PMC00729ZP\r\n.PMC00789ZP', 'Azal Silkway', 'In2', 'ucmtracing@gmail.com', '2018-02-16 11:51:25', 'warning', NULL, NULL, '2018-02-16 11:56:40'),
(144, 'IN', 'UCM\r\nYU457/15DEC.ISFER.GYD\r\nIN\r\n.PRA00880TF.PMC03072ZP.PMC00448ZP.PMC45729ZP\r\n.PMC01589ZP.PGA33221FF.PGA77445ZP.PMC88562ZP', 'Azal Silkway', 'UCM IN', 'ucmtracing@gmail.com', '2018-02-16 11:56:10', 'warning', NULL, NULL, '2018-02-16 11:56:40'),
(145, 'OUT', 'UCM\r\nIU332/24JAN.ISWIB.GYD\r\nOUT\r\n.PGA55555PO/BRL\r\n.PMC00172ZP/HKG.PMC00455ZP/NYR.PMC00729ZP/HKG.PMC00789XX/HKG.PMC99999ZP/HKG', 'Azal Silkway', 'teze', 'ucmtracing@gmail.com', '2018-01-29 15:49:06', 'warning', NULL, NULL, '2018-02-17 00:45:54'),
(146, 'OUT', 'UCM\r\nYU457/15DEC.ISFER.HGK\r\nOUT\r\n.PRA00880TF/GYD\r\n.PMC03072ZP/GYD.PMC00448ZP/NYR.PMC45729ZP/GYD.PMC01589ZP/GYD\r\n.PGA33221FF/GYD.PGA77445ZP/GYD', 'Azal Silkway', 'UCM OUT', 'ucmtracing@gmail.com', '2018-02-16 11:55:57', 'warning', NULL, NULL, '2018-02-17 00:45:54'),
(147, 'IN', 'UCM\r\nIU332/31DEC.ISWIB.BRL\r\nIN\r\n.PGA00000FF.PMC00172ZP.PMC00455ZP.PMC00729ZP\r\n.PMC00789ZP', 'Azal Silkway', 'In2', 'ucmtracing@gmail.com', '2018-02-16 11:51:25', 'warning', NULL, NULL, '2018-02-17 00:45:55'),
(148, 'OUT', 'UCM\r\nIU332/31DEC.ISWIB.GYD\r\nOUT\r\n.PGA00000FF/BRL\r\n.PMC00172ZP/HKG.PMC00455ZP/NYR.PMC00729ZP/HKG.PMC00789ZP/HKG', 'Azal Silkway', NULL, 'ucmtracing@gmail.com', '2018-02-15 14:40:48', 'warning', NULL, NULL, '2018-02-17 00:45:55'),
(149, 'IN', 'UCM\r\nYU457/15DEC.ISFER.GYD\r\nIN\r\n.PRA00880TF.PMC03072ZP.PMC00448ZP.PMC45729ZP\r\n.PMC01589ZP.PGA33221FF.PGA77445ZP.PMC88562ZP', 'Azal Silkway', 'UCM IN', 'ucmtracing@gmail.com', '2018-02-16 11:56:10', 'warning', NULL, NULL, '2018-02-17 00:45:55'),
(150, 'IN', 'UCM\r\nIU332/24JAN.ISWIB.BRL\r\nIN\r\n.PGA55555PO.PMC00172ZP.PMC00455ZP.PMC00729ZP\r\n.PMC00789XX.PMC99999ZP', 'Azal Silkway', 'In', 'ucmtracing@gmail.com', '2018-02-16 11:50:50', 'warning', NULL, NULL, '2018-02-17 00:45:55');

-- --------------------------------------------------------

--
-- Table structure for table `palet`
--

CREATE TABLE `palet` (
  `palet_ID` int(11) NOT NULL,
  `type` varchar(3) CHARACTER SET utf8 COLLATE utf8_bin NOT NULL,
  `code` varchar(5) NOT NULL,
  `owner` varchar(2) CHARACTER SET utf8 COLLATE utf8_bin NOT NULL,
  `insert_date` datetime DEFAULT CURRENT_TIMESTAMP,
  `checked` tinyint(1) NOT NULL DEFAULT '0',
  `reason` text CHARACTER SET utf8 COLLATE utf8_bin,
  `active` tinyint(1) NOT NULL DEFAULT '1',
  `position` varchar(15) CHARACTER SET utf8 COLLATE utf8_bin DEFAULT NULL
) ENGINE=InnoDB DEFAULT CHARSET=latin1 COMMENT='This table involves information about ';

--
-- Dumping data for table `palet`
--

INSERT INTO `palet` (`palet_ID`, `type`, `code`, `owner`, `insert_date`, `checked`, `reason`, `active`, `position`) VALUES
(1074, 'PMC', '73160', 'FF', '2018-02-13 12:04:38', 0, NULL, 0, 'On Air->HKG'),
(1075, 'PMC', '78766', 'FF', '2018-02-13 12:04:38', 0, NULL, 0, 'On Air->HKG'),
(1076, 'PMC', '93002', 'ZP', '2018-02-13 12:04:38', 0, NULL, 0, 'On Air->HKG'),
(1077, 'PMC', '00893', 'ZP', '2018-02-13 12:04:38', 0, NULL, 0, 'On Air->HKG'),
(1079, 'PMC', '78654', 'FF', '2018-02-13 12:04:38', 0, NULL, 0, 'On Air->HKG'),
(1080, 'PMC', '93002', 'FF', '2018-02-13 12:04:38', 0, NULL, 0, 'On Air->HKG'),
(1081, 'PMC', '66519', 'FF', '2018-02-13 12:04:38', 0, NULL, 0, 'On Air->HKG'),
(1082, 'PMC', '71033', 'ZP', '2018-02-13 12:04:38', 0, NULL, 0, 'On Air->HKG'),
(1083, 'PMC', '11085', 'ZP', '2018-02-13 12:04:38', 0, NULL, 0, 'On Air->IST'),
(1084, 'PMC', '23909', 'FF', '2018-02-13 12:04:38', 0, NULL, 0, 'On Air->HKG'),
(1085, 'PMC', '71047', 'FF', '2018-02-13 12:04:38', 0, NULL, 0, 'On Air->HKG'),
(1086, 'PMC', '20133', 'ZP', '2018-02-13 12:04:38', 0, NULL, 0, 'On Air->HKG'),
(1087, 'PMC', '20410', 'ZP', '2018-02-13 12:04:38', 0, NULL, 0, 'On Air->HKG'),
(1088, 'PMC', '94575', 'FF', '2018-02-13 12:04:38', 0, NULL, 0, 'On Air->HKG'),
(1089, 'PMC', '72277', 'FF', '2018-02-13 12:04:38', 0, NULL, 0, 'On Air->HKG'),
(1090, 'PMC', '96055', 'FF', '2018-02-13 12:04:38', 0, NULL, 0, 'On Air->HKG'),
(1091, 'PMC', '02040', 'ZP', '2018-02-13 12:04:38', 0, NULL, 0, 'On Air->HKG'),
(1092, 'PMC', '02453', 'ZP', '2018-02-13 12:04:38', 0, NULL, 0, 'On Air->HKG'),
(1093, 'PMC', '36291', 'JG', '2018-02-13 12:04:38', 0, NULL, 0, 'On Air->HKG'),
(1094, 'PMC', '38420', 'JG', '2018-02-13 12:04:38', 0, NULL, 0, 'On Air->HKG'),
(1095, 'PMC', '00789', 'ZP', '2018-02-13 12:04:38', 0, NULL, 0, 'GYD->HKG'),
(1096, 'PMC', '02616', 'ZP', '2018-02-13 12:04:38', 0, NULL, 0, 'On Air->HKG'),
(1097, 'PMC', '20458', 'ZP', '2018-02-13 12:04:38', 0, NULL, 0, 'On Air->HKG'),
(1098, 'PMC', '02337', 'ZP', '2018-02-13 12:04:38', 0, NULL, 0, 'On Air->HKG'),
(1099, 'PMC', '85160', 'FF', '2018-02-13 12:04:38', 0, NULL, 0, 'On Air->HKG'),
(1100, 'PMC', '78630', 'FF', '2018-02-13 12:04:38', 0, NULL, 0, 'On Air->HKG'),
(1101, 'PMC', '02900', 'ZP', '2018-02-13 12:04:38', 0, NULL, 0, 'On Air->BRL'),
(1102, 'PMC', '35598', 'JG', '2018-02-13 12:04:38', 0, NULL, 0, 'On Air->HKG'),
(1103, 'PMC', '10070', 'ZP', '2018-02-13 12:04:38', 0, NULL, 0, 'On Air->HKG'),
(1104, 'PMC', '82119', 'FF', '2018-02-13 12:04:38', 0, NULL, 0, 'On Air->HKG'),
(1105, 'PMC', '75781', 'FF', '2018-02-13 12:04:38', 0, NULL, 0, 'On Air->HKG'),
(1106, 'PMC', '92815', 'FF', '2018-02-13 12:04:38', 0, NULL, 0, 'On Air->HKG'),
(1107, 'PMC', '73279', 'FF', '2018-02-13 12:04:38', 0, NULL, 0, 'On Air->HKG'),
(1108, 'PMC', '38919', 'JG', '2018-02-13 12:04:38', 0, NULL, 0, 'On Air->HKG'),
(1109, 'PMC', '72016', 'FF', '2018-02-13 12:04:38', 0, NULL, 0, 'On Air->ZYM'),
(1110, 'PMC', '38427', 'JG', '2018-02-13 12:04:38', 0, NULL, 0, 'On Air->HKG'),
(1111, 'PMC', '11006', 'ZP', '2018-02-13 12:04:38', 0, NULL, 0, 'On Air->HKG'),
(1112, 'PMC', '66976', 'FF', '2018-02-13 12:04:38', 0, NULL, 0, 'On Air->HKG'),
(1114, 'PMC', '37495', 'JG', '2018-02-13 12:04:38', 0, NULL, 0, 'On Air->GYD'),
(1115, 'PMC', '38410', 'JG', '2018-02-13 12:04:38', 0, NULL, 0, 'On Air->HKG'),
(1116, 'PMC', '25673', 'FF', '2018-02-13 12:04:38', 0, NULL, 0, 'On Air->HKG'),
(1117, 'PMC', '72594', 'FF', '2018-02-13 12:04:38', 0, NULL, 0, 'On Air->HKG'),
(1118, 'PMC', '02159', 'ZP', '2018-02-13 12:04:38', 0, NULL, 0, 'On Air->HKG'),
(1119, 'PMC', '71370', 'FF', '2018-02-13 12:04:38', 0, NULL, 0, 'On Air->HKG'),
(1120, 'PMC', '74512', 'FF', '2018-02-13 12:04:38', 0, NULL, 0, 'On Air->HKG'),
(1121, 'PMC', '39874', 'JG', '2018-02-13 12:04:38', 0, NULL, 0, 'On Air->HKG'),
(1122, 'PMC', '85235', 'FF', '2018-02-13 12:04:38', 0, NULL, 0, 'On Air->HKG'),
(1123, 'PMC', '11125', 'ZP', '2018-02-13 12:04:38', 0, NULL, 0, 'On Air->HKG'),
(1124, 'PMC', '20429', 'ZP', '2018-02-13 12:04:38', 0, NULL, 0, 'On Air->HKG'),
(1125, 'PMC', '71429', 'FF', '2018-02-13 12:04:38', 0, NULL, 0, 'On Air->HKG'),
(1126, 'PMC', '19418', 'ZP', '2018-02-13 12:04:38', 0, NULL, 0, 'On Air->HKG'),
(1127, 'PMC', '75330', 'FF', '2018-02-13 12:04:38', 0, NULL, 0, 'On Air->HKG'),
(1129, 'PMC', '39930', 'JG', '2018-02-13 12:04:38', 0, NULL, 0, 'On Air->HKG'),
(1130, 'PGA', '07085', 'FF', '2018-02-13 12:04:38', 0, NULL, 0, 'On Air->BRL'),
(1131, 'PMC', '71057', 'ZP', '2018-02-13 12:04:38', 0, NULL, 0, 'On Air->HKG'),
(1132, 'PMC', '02940', 'ZP', '2018-02-13 12:04:38', 0, NULL, 0, 'On Air->HKG'),
(1133, 'PMC', '95778', 'FF', '2018-02-13 12:04:38', 0, NULL, 0, 'On Air->HKG'),
(1134, 'PMC', '11981', 'ZP', '2018-02-13 12:04:38', 0, NULL, 0, 'On Air->HKG'),
(1138, 'PMC', '00455', 'ZP', NULL, 0, NULL, 0, 'BRL'),
(1139, 'PMC', '00729', 'ZP', '2018-02-13 12:04:38', 0, NULL, 0, 'BRL'),
(1140, 'PGA', '33221', 'FF', NULL, 0, NULL, 0, 'GYD');

-- --------------------------------------------------------

--
-- Table structure for table `palet_action`
--

CREATE TABLE `palet_action` (
  `action_ID` int(11) NOT NULL,
  `message_ID` int(11) DEFAULT NULL,
  `carrier` varchar(2) CHARACTER SET utf8 COLLATE utf8_bin DEFAULT NULL,
  `flightNo` varchar(5) CHARACTER SET utf8 COLLATE utf8_bin DEFAULT NULL,
  `flightDate` date DEFAULT NULL,
  `aircraft` varchar(10) CHARACTER SET utf8 COLLATE utf8_bin DEFAULT NULL,
  `arriving` varchar(3) CHARACTER SET utf8 COLLATE utf8_bin DEFAULT NULL,
  `departing` varchar(3) CHARACTER SET utf8 COLLATE utf8_bin DEFAULT NULL
) ENGINE=InnoDB DEFAULT CHARSET=latin1 COMMENT='This table involves information about palet actions';

--
-- Dumping data for table `palet_action`
--

INSERT INTO `palet_action` (`action_ID`, `message_ID`, `carrier`, `flightNo`, `flightDate`, `aircraft`, `arriving`, `departing`) VALUES
(132, 140, 'YU', '457', '2018-12-15', 'ISFER', 'HGK', 'GYD'),
(133, 140, 'YU', '457', '2018-12-15', 'ISFER', 'HGK', 'NYR'),
(134, 141, 'IU', '332', '2018-12-31', 'ISWIB', 'GYD', 'BRL'),
(135, 141, 'IU', '332', '2018-12-31', 'ISWIB', 'GYD', 'NYR'),
(136, 141, 'IU', '332', '2018-12-31', 'ISWIB', 'GYD', 'HKG'),
(137, 142, 'IU', '332', '2018-01-24', 'ISWIB', 'GYD', 'NYR'),
(138, 142, 'IU', '332', '2018-01-24', 'ISWIB', 'GYD', 'HKG'),
(139, 142, 'IU', '332', '2018-01-24', 'ISWIB', 'GYD', 'BRL'),
(140, 143, 'IU', '332', '2018-12-31', 'ISWIB', 'BRL', NULL),
(141, 144, 'YU', '457', '2018-12-15', 'ISFER', 'GYD', NULL),
(142, 145, 'IU', '332', '2018-01-24', 'ISWIB', 'GYD', 'NYR'),
(143, 145, 'IU', '332', '2018-01-24', 'ISWIB', 'GYD', 'HKG'),
(144, 145, 'IU', '332', '2018-01-24', 'ISWIB', 'GYD', 'BRL'),
(145, 146, 'YU', '457', '2018-12-15', 'ISFER', 'HGK', 'GYD'),
(146, 146, 'YU', '457', '2018-12-15', 'ISFER', 'HGK', 'NYR'),
(147, 147, 'IU', '332', '2018-12-31', 'ISWIB', 'BRL', NULL),
(148, 148, 'IU', '332', '2018-12-31', 'ISWIB', 'GYD', 'HKG'),
(149, 148, 'IU', '332', '2018-12-31', 'ISWIB', 'GYD', 'NYR'),
(150, 148, 'IU', '332', '2018-12-31', 'ISWIB', 'GYD', 'BRL'),
(151, 149, 'YU', '457', '2018-12-15', 'ISFER', 'GYD', NULL),
(152, 150, 'IU', '332', '2018-01-24', 'ISWIB', 'BRL', NULL);

-- --------------------------------------------------------

--
-- Table structure for table `palet_action_conn`
--

CREATE TABLE `palet_action_conn` (
  `palet_ID` int(11) NOT NULL,
  `action_ID` int(11) NOT NULL
) ENGINE=InnoDB DEFAULT CHARSET=latin1;

--
-- Dumping data for table `palet_action_conn`
--

INSERT INTO `palet_action_conn` (`palet_ID`, `action_ID`) VALUES
(1138, 135),
(1139, 136),
(1095, 136),
(1138, 137),
(1139, 138),
(1138, 140),
(1095, 140),
(1139, 140),
(1140, 132),
(1140, 141),
(1138, 142),
(1139, 143),
(1140, 145),
(1138, 147),
(1095, 147),
(1139, 147),
(1139, 148),
(1095, 148),
(1138, 149),
(1140, 151),
(1138, 152),
(1139, 152);

-- --------------------------------------------------------

--
-- Table structure for table `palet_action_LUC`
--

CREATE TABLE `palet_action_LUC` (
  `ID` int(11) NOT NULL,
  `palet_ID` int(11) NOT NULL,
  `date` datetime NOT NULL,
  `receiver` char(2) NOT NULL,
  `tranferredBy` char(2) NOT NULL,
  `location` char(3) NOT NULL,
  `destination` char(3) NOT NULL,
  `receipt_number` varchar(12) NOT NULL
) ENGINE=InnoDB DEFAULT CHARSET=latin1;

-- --------------------------------------------------------

--
-- Table structure for table `standartFlights`
--

CREATE TABLE `standartFlights` (
  `flight_ID` int(11) NOT NULL,
  `Flight` varchar(6) NOT NULL,
  `departure` varchar(3) NOT NULL,
  `destination` varchar(3) NOT NULL
) ENGINE=InnoDB DEFAULT CHARSET=latin1;

--
-- Dumping data for table `standartFlights`
--

INSERT INTO `standartFlights` (`flight_ID`, `Flight`, `departure`, `destination`) VALUES
(1, 'J29226', 'TBS', 'GYD'),
(2, 'J2016', 'DXB', 'GYD'),
(3, 'J29006', 'IKA', 'GYD'),
(4, 'J2258', 'NAJ', 'GYD'),
(5, 'J2101', 'GYD', 'JFK'),
(6, 'J2102', 'JFK', 'GYD'),
(7, 'J29103', 'GYD', 'SAW'),
(8, 'J29104', 'SAW', 'GYD'),
(9, 'J29019', 'GYD', 'LED'),
(10, 'J29020', 'LED', 'GYD'),
(11, 'J2807', 'GYD', 'VKO'),
(12, 'J2808', 'VKO', 'GYD'),
(13, 'J2251', 'GYD', 'NAJ'),
(14, 'J2252', 'NAJ', 'GYD'),
(15, 'J2683', 'GYD', 'KBP'),
(16, 'J2684', 'KBP', 'GYD'),
(17, 'J29223', 'GYD', 'TBS'),
(18, 'J29224', 'TBS', 'GYD'),
(19, 'J28075', 'GYD', 'IST'),
(20, 'J28076', 'IST', 'GYD'),
(21, 'J2011', 'GYD', 'DXB'),
(22, 'J2012', 'DXB', 'GYD'),
(23, 'J28003', 'GYD', 'ESB'),
(24, 'J28004', 'ESB', 'GYD'),
(25, 'J28852', 'GYD', 'DME'),
(26, 'J28851', 'DME', 'GYD'),
(27, 'J29817', 'GYD', 'VKO'),
(28, 'J29818', 'VKO', 'GYD'),
(29, 'J2253', 'GYD', 'NAJ'),
(30, 'J2254', 'NAJ', 'GYD'),
(31, 'J25011', 'GYD', 'BGW'),
(32, 'J25012', 'BGW', 'GYD'),
(33, 'J29819', 'VKO', 'KVD'),
(34, 'J29820', 'KVD', 'VKO'),
(35, 'J2809', 'GYD', 'VKO'),
(36, 'J2810', 'VKO', 'GYD'),
(37, 'J28079', 'GYD', 'IST'),
(38, 'J28080', 'IST', 'GYD'),
(39, 'J2239', 'GYD', 'KVD'),
(40, 'J2240', 'KVD', 'GYD'),
(41, 'J2255', 'GYD', 'NAJ'),
(42, 'J2256', 'NAJ', 'GYD'),
(43, 'J2007', 'GYD', 'LHR'),
(44, 'J2008', 'LHR', 'GYD'),
(45, 'J29119', 'GYD', 'LED'),
(46, 'J29120', 'LED', 'GYD'),
(47, 'J28854', 'GYD', 'DME'),
(48, 'J28853', 'DME', 'GYD'),
(49, 'J28077', 'GYD', 'IST'),
(50, 'J28078', 'IST', 'GYD'),
(51, 'J29675', 'GYD', 'KZN'),
(52, 'J29225', 'GYD', 'TBS'),
(53, 'J2015', 'GYD', 'DXB'),
(54, 'J29005', 'GYD', 'IKA'),
(55, 'J2257', 'GYD', 'NAJ');

-- --------------------------------------------------------

--
-- Table structure for table `uld_owner`
--

CREATE TABLE `uld_owner` (
  `owner_ID` int(11) NOT NULL,
  `name` varchar(50) CHARACTER SET utf8 COLLATE utf8_bin NOT NULL,
  `code` varchar(2) CHARACTER SET utf8 COLLATE utf8_bin NOT NULL
) ENGINE=InnoDB DEFAULT CHARSET=latin1;

--
-- Dumping data for table `uld_owner`
--

INSERT INTO `uld_owner` (`owner_ID`, `name`, `code`) VALUES
(1, 'Turkish Airlines', 'TK'),
(2, 'Silway West Airlines', '7L'),
(3, 'Silkway Airlines', 'ZP'),
(4, 'Cargolux Airlines', 'CV'),
(5, 'Malaisian Airlines', 'MH'),
(6, 'Deutsch Lufthansa', 'LH');

-- --------------------------------------------------------

--
-- Table structure for table `uld_type`
--

CREATE TABLE `uld_type` (
  `type_ID` int(11) NOT NULL,
  `name` varchar(3) CHARACTER SET utf8 COLLATE utf8_bin NOT NULL
) ENGINE=InnoDB DEFAULT CHARSET=latin1;

--
-- Dumping data for table `uld_type`
--

INSERT INTO `uld_type` (`type_ID`, `name`) VALUES
(1, 'AAP'),
(2, 'AAU'),
(3, 'AKE'),
(4, 'AKH'),
(5, 'ALF'),
(6, 'ALN'),
(7, 'AMA'),
(8, 'AMF'),
(9, 'AMU'),
(10, 'AVJ'),
(11, 'EWP'),
(12, 'P1P'),
(13, 'P6P'),
(14, 'P7E'),
(15, 'PAG'),
(16, 'PEB'),
(17, 'PGA'),
(18, 'PMC'),
(19, 'PQP'),
(20, 'RAP'),
(21, 'RKN'),
(22, 'WLD'),
(23, 'PGF'),
(24, 'PYB'),
(25, 'PLA'),
(26, 'PRF'),
(27, 'PKC'),
(28, 'AMP'),
(29, 'PLW'),
(30, 'ALA'),
(31, 'AVA'),
(32, 'PKN'),
(33, 'PIA'),
(34, 'PIC'),
(35, 'PID'),
(36, 'PIG'),
(37, 'PIP'),
(38, 'PIX'),
(39, 'PZG'),
(40, 'PAJ'),
(41, 'PAP'),
(42, 'PAA'),
(43, 'PAX'),
(44, 'P6C'),
(45, 'PZA'),
(46, 'PZC'),
(47, 'PMP'),
(48, 'PZJ'),
(49, 'PZP'),
(50, 'PDJ'),
(51, 'PDP'),
(52, 'PJP'),
(53, 'P9A'),
(54, 'P9B'),
(55, 'P9P'),
(56, 'P9R'),
(57, 'P9S'),
(58, 'P4A'),
(59, 'P4M'),
(60, 'PMA'),
(61, 'P7A'),
(62, 'P7F'),
(63, 'PSG'),
(64, 'PGE'),
(65, 'PPC'),
(66, 'PKA'),
(67, 'AVB'),
(68, 'AVN'),
(69, 'AVE'),
(70, 'AVM'),
(71, 'RVE'),
(72, 'RVB'),
(73, 'RVN'),
(74, 'AKG'),
(75, 'AKJ'),
(76, 'AKC'),
(77, 'AVC'),
(78, 'AVK'),
(79, 'AVY'),
(80, 'ALE'),
(81, 'DLF'),
(82, 'DGF'),
(83, 'AAN'),
(84, 'AAR'),
(85, 'AA4'),
(86, 'AAK'),
(87, 'RAN'),
(88, 'RAZ'),
(89, 'RA4'),
(90, 'RAK'),
(91, 'RAS'),
(92, 'AAZ'),
(93, 'RAP'),
(94, 'AQ6'),
(95, 'AGA'),
(96, 'AMA'),
(97, 'AMK'),
(98, 'RGA'),
(99, 'RGD'),
(100, 'AQ7'),
(101, 'AQD'),
(102, 'AMD'),
(103, 'AWA'),
(104, 'AWF'),
(105, 'ALF'),
(106, 'AWC'),
(107, 'APA'),
(108, 'ALF'),
(109, 'UAZ'),
(110, 'UAN'),
(111, 'UQ6'),
(112, 'UQA'),
(113, 'AWZ'),
(114, 'AWB'),
(115, 'AWD'),
(116, 'ALP'),
(117, 'RWZ'),
(118, 'RWB'),
(119, 'PMW'),
(120, 'PAJ'),
(121, 'HMC'),
(122, 'VZA'),
(123, 'VRA'),
(124, 'XYX'),
(125, 'PRA'),
(126, 'HCU'),
(127, 'FLA'),
(128, 'TST'),
(129, 'DQF'),
(130, 'PLB'),
(131, 'FQA'),
(132, 'RGX'),
(133, 'HMA'),
(134, 'HMJ');

--
-- Indexes for dumped tables
--

--
-- Indexes for table `action_error`
--
ALTER TABLE `action_error`
  ADD PRIMARY KEY (`error_ID`),
  ADD KEY `paletAction_error` (`paletAction_ID`);

--
-- Indexes for table `airport`
--
ALTER TABLE `airport`
  ADD PRIMARY KEY (`airport_ID`);

--
-- Indexes for table `message`
--
ALTER TABLE `message`
  ADD PRIMARY KEY (`message_ID`);

--
-- Indexes for table `palet`
--
ALTER TABLE `palet`
  ADD PRIMARY KEY (`palet_ID`);

--
-- Indexes for table `palet_action`
--
ALTER TABLE `palet_action`
  ADD PRIMARY KEY (`action_ID`),
  ADD KEY `action_message` (`message_ID`);

--
-- Indexes for table `palet_action_conn`
--
ALTER TABLE `palet_action_conn`
  ADD KEY `palet_conn` (`palet_ID`),
  ADD KEY `action_conn` (`action_ID`);

--
-- Indexes for table `palet_action_LUC`
--
ALTER TABLE `palet_action_LUC`
  ADD PRIMARY KEY (`ID`),
  ADD KEY `LUC_palet` (`palet_ID`);

--
-- Indexes for table `standartFlights`
--
ALTER TABLE `standartFlights`
  ADD PRIMARY KEY (`flight_ID`);

--
-- Indexes for table `uld_owner`
--
ALTER TABLE `uld_owner`
  ADD PRIMARY KEY (`owner_ID`);

--
-- Indexes for table `uld_type`
--
ALTER TABLE `uld_type`
  ADD PRIMARY KEY (`type_ID`);

--
-- AUTO_INCREMENT for dumped tables
--

--
-- AUTO_INCREMENT for table `action_error`
--
ALTER TABLE `action_error`
  MODIFY `error_ID` int(11) NOT NULL AUTO_INCREMENT, AUTO_INCREMENT=547;
--
-- AUTO_INCREMENT for table `airport`
--
ALTER TABLE `airport`
  MODIFY `airport_ID` int(11) NOT NULL AUTO_INCREMENT, AUTO_INCREMENT=1957;
--
-- AUTO_INCREMENT for table `message`
--
ALTER TABLE `message`
  MODIFY `message_ID` int(11) NOT NULL AUTO_INCREMENT, AUTO_INCREMENT=151;
--
-- AUTO_INCREMENT for table `palet`
--
ALTER TABLE `palet`
  MODIFY `palet_ID` int(11) NOT NULL AUTO_INCREMENT, AUTO_INCREMENT=1141;
--
-- AUTO_INCREMENT for table `palet_action`
--
ALTER TABLE `palet_action`
  MODIFY `action_ID` int(11) NOT NULL AUTO_INCREMENT, AUTO_INCREMENT=153;
--
-- AUTO_INCREMENT for table `palet_action_LUC`
--
ALTER TABLE `palet_action_LUC`
  MODIFY `ID` int(11) NOT NULL AUTO_INCREMENT;
--
-- AUTO_INCREMENT for table `standartFlights`
--
ALTER TABLE `standartFlights`
  MODIFY `flight_ID` int(11) NOT NULL AUTO_INCREMENT, AUTO_INCREMENT=56;
--
-- AUTO_INCREMENT for table `uld_owner`
--
ALTER TABLE `uld_owner`
  MODIFY `owner_ID` int(11) NOT NULL AUTO_INCREMENT, AUTO_INCREMENT=7;
--
-- AUTO_INCREMENT for table `uld_type`
--
ALTER TABLE `uld_type`
  MODIFY `type_ID` int(11) NOT NULL AUTO_INCREMENT, AUTO_INCREMENT=135;
--
-- Constraints for dumped tables
--

--
-- Constraints for table `action_error`
--
ALTER TABLE `action_error`
  ADD CONSTRAINT `paletAction_error` FOREIGN KEY (`paletAction_ID`) REFERENCES `palet_action` (`action_ID`);

--
-- Constraints for table `palet_action`
--
ALTER TABLE `palet_action`
  ADD CONSTRAINT `action_message` FOREIGN KEY (`message_ID`) REFERENCES `message` (`message_ID`) ON UPDATE CASCADE;

--
-- Constraints for table `palet_action_conn`
--
ALTER TABLE `palet_action_conn`
  ADD CONSTRAINT `action_conn` FOREIGN KEY (`action_ID`) REFERENCES `palet_action` (`action_ID`) ON UPDATE CASCADE,
  ADD CONSTRAINT `palet_conn` FOREIGN KEY (`palet_ID`) REFERENCES `palet` (`palet_ID`) ON UPDATE CASCADE;

--
-- Constraints for table `palet_action_LUC`
--
ALTER TABLE `palet_action_LUC`
  ADD CONSTRAINT `LUC_palet` FOREIGN KEY (`palet_ID`) REFERENCES `palet` (`palet_ID`) ON UPDATE CASCADE;

/*!40101 SET CHARACTER_SET_CLIENT=@OLD_CHARACTER_SET_CLIENT */;
/*!40101 SET CHARACTER_SET_RESULTS=@OLD_CHARACTER_SET_RESULTS */;
/*!40101 SET COLLATION_CONNECTION=@OLD_COLLATION_CONNECTION */;
